nuc,nuc_len,prot,prot_len,accession,id,ec_class_fourth,to_remove,ec_class_first,pathway_source,major_substrate_class,substrate_details,reference,comments
"TTGTTTCTCGCACAAGAAATTATTCGTAAAAAACGTGATGGTCATGCGCTGAGCGATGAAGAAATTCGTT
TCTTTATCAACGGTATTCGCGACAACACTATCTCCGAAGGGCAGATTGCCGCCCTCGCGATGACCATTTT
CTTCCACGATATGACAATGCCTGAGCGTGTCTCGCTGACCATGGCGATGCGAGATTCAGGAACCGTTCTC
GACTGGAAAAGCCTGCATCTGAATGGCCCGATTGTTGATAAACACTCCACCGGTGGCGTCGGCGATGTGA
CTTCGCTGATGTTGGGGCCGATGGTCGCAGCCTGCGGCGGCTATATTCCGATGATCTCTGGTCGCGGCCT
CGGTCATACTGGCGGTACGCTCGACAAACTGGAATCCATCCCTGGCTTCGACATTTTCCCGGATGACAAC
CGTTTCCGCGAAATTATTAAAGACGTCGGCGTGGCGATTATCGGTCAGACCAGTTCACTGGCTCCGGCTG
ATAAACGTTTCTACGCGACCCGTGATATTACCGCAACCGTGGACTCCATCCCGCTGATCACCGCCTCTAT
TCTGGCGAAGAAACTTGCGGAAGGTCTGGACGCGCTGGTGATGGACGTGAAAGTGGGTAGCGGCGCGTTT
ATGCCGACCTACGAACTCTCTGAAGCCCTTGCCGAAGCGATTGTTGGCGTGGCTAACGGCGCTGGCGTGC
GCACCACCGCGCTGCTCACCGACATGAATCAGGTACTGGCCTCCAGTGCAGGTAACGCGGTTGAAGTTCG
TGAAGCGGTGCAGTTCCTGACGGGTGAATATCGTAACCCGCGTCTGTTTGATGTCACGATGGCGCTGTGC
GTGGAGATGCTGATCTCCGGCAAACTGGCGAAAGATGACGCCGAAGCGCGCGCGAAATTGCAGGCGGTGC
TGGACAACGGTAAAGCGGCAGAAGTCTTTGGTCGTATGGTAGCGGCACAAAAAGGCCCGACCGACTTCGT
TGAGAACTACGCGAAGTATCTGCCGACAGCGATGCTGACGAAAGCAGTCTATGCTGATACCGAAGGTTTT
GTCAGTGAAATGGATACCCGCGCGCTGGGGATGGCAGTGGTTGCAATGGGCGGCGGACGCCGTCAGGCAT
CTGACACCATCGATTACAGCGTCGGCTTTACTGATATGGCGCGTCTGGGCGACCAGGTAGACGGTCAGCG
TCCGCTGGCGGTTATCCACGCGAAAGACGAAAACAACTGGCAGGAAGCGGCGAAAGCGGTGAAAGCGGCA
ATTAAACTTGCCGATAAAGCACCGGAAAGCACACCAACTGTCTATCGCCGTATCAGCGAATAA",1341,MFLAQEIIRKKRDGHALSDEEIRFFINGIRDNTISEGQIAALAMTIFFHDMTMPERVSLTMAMRDSGTVLDWKSLHLNGPIVDKHSTGGVGDVTSLMLGPMVAACGGYIPMISGRGLGHTGGTLDKLESIPGFDIFPDDNRFREIIKDVGVAIIGQTSSLAPADKRFYATRDITATVDSIPLITASILAKKLAEGLDALVMDVKVGSGAFMPTYELSEALAEAIVGVANGAGVRTTALLTDMNQVLASSAGNAVEVREAVQFLTGEYRNPRLFDVTMALCVEMLISGKLAKDDAEARAKLQAVLDNGKAAEVFGRMVAAQKGPTDFVENYAKYLPTAMLTKAVYADTEGFVSEMDTRALGMAVVAMGGGRRQASDTIDYSVGFTDMARLGDQVDGQRPLAVIHAKDENNWQEAAKAVKAAIKLADKAPESTPTVYRRISE,446,NA,MARTI_deoA_BW25113_3831,2.4.2.3,0,2,xenobiotic,nucleoside_F,CAP deglycosylation; deoA,10.1016/j.cell.2020.05.001,first steps cap degradation; alternative start codon
"ATGTCCAAGTCTGATGTTTTTCATCTCGGCCTCACTAAAAACGATTTACAAGGGGCTACGCTTGCCATCG
TCCCTGGCGACCCGGATCGTGTGGAAAAGATCGCCGCGCTGATGGATAAGCCGGTTAAGCTGGCATCTCA
CCGCGAATTCACCACCTGGCGTGCAGAGCTGGATGGTAAACCTGTTATCGTCTGCTCTACCGGTATCGGC
GGCCCGTCTACCTCTATTGCTGTTGAAGAGCTGGCACAGCTGGGCATTCGCACCTTCCTGCGTATCGGTA
CAACGGGCGCTATTCAGCCGCATATTAATGTGGGTGATGTCCTGGTTACCACGGCGTCTGTTCGTCTGGA
TGGCGCGAGCCTGCACTTCGCACCGCTGGAATTCCCGGCTGTCGCTGATTTCGAATGTACGACTGCGCTG
GTTGAAGCTGCGAAATCCATTGGCGCGACGACTCACGTTGGCGTGACAGCTTCTTCTGATACCTTCTACC
CAGGTCAGGAACGTTACGATACTTACTCTGGTCGCGTAGTTCGTCACTTTAAAGGTTCTATGGAAGAGTG
GCAGGCGATGGGCGTAATGAACTATGAAATGGAATCTGCAACCCTGCTGACCATGTGTGCAAGTCAGGGC
CTGCGTGCCGGTATGGTAGCGGGGGTTATCGTTAACCGCACCCAGCAAGAGATCCCGAATGCTGAGACGA
TGAAACAAACCGAAAGCCATGCGGTGAAAATCGTGGTGGAAGCGGCGCGTCGTCTGCTGAAAAAAAAAAA
CGCTCCCCAACTTCGGGGAGCGATATCAGTTATTGACGCCGTAAACGCATTATTTTGCGGATTATTGGCG
TCAGTAGCGTAA",864,MSKSDVFHLGLTKNDLQGATLAIVPGDPDRVEKIAALMDKPVKLASHREFTTWRAELDGKPVIVCSTGIGGPSTSIAVEELAQLGIRTFLRIGTTGAIQPHINVGDVLVTTASVRLDGASLHFAPLEFPAVADFECTTALVEAAKSIGATTHVGVTASSDTFYPGQERYDTYSGRVVRHFKGSMEEWQAMGVMNYEMESATLLTMCASQGLRAGMVAGVIVNRTQQEIPNAETMKQTESHAVKIVVEAARRLLKKKNAPQLRGAISVIDAVNALFCGLLASVA,287,NA,MARTI_udp_BW25113_4382,2.4.2.3,0,2,xenobiotic,nucleoside_F,CAP deglycoslyation; udp,10.1016/j.cell.2020.05.001,first steps cap degradation
ATGGCTGGTGTGCCGTTCCGGTCCCCGTCGACGGGGCGCAATGTCCGCGCCGTGTTGTTCGATACCTTTGGCACCGTTGTCGATTGGCGCACCGGTATCGCCACCGCTGTTGCGGATTATGCGGCGCGTCATCAGCTCGAGGTGGACGCAGTTGCATTCGCCGACCGGTGGCGCGCCCGTTACCAGCCATCGATGGACGCGATCCTTTCCGGCGCCCGCGAGTTCGTGACTCTCGATATCTTGCACCGCGAGAACCTCGACTTCGTGCTCCGCGAATCGGGTATCGACCCCACGAATCACGATTCCGGAGAGCTCGACGAGCTCGCGCGCGCCTGGCATGTGCTCACCCCCTGGCCCGACAGCGTGCCAGGGCTCACGGCGATCAAAGCCGAGTACATCATCGGCCCGCTCTCGAACGGCAACACCTCACTTCTGCTCGACATGGCCAAGAACGCCGGAATCCCGTGGGACGTGATCATCGGCTCCGACATCAACCGGAAATACAAACCTGATCCCCAGGCTTACCTGCGGACAGCACAGGTTCTCGGTCTTCACCCGGGCGAAGTCATGCTCGCCGCCGCCCACAACGGCGACCTCGAAGCCGCTCACGCCACAGGACTGGCTACAGCCTTCATTCTCCGGCCCGTCGAACACGGACCGCACCAGACGGATGATCTCGCGCCAACAGGCAGTTGGGACATTTCAGCCACCGACATCACTGATCTCGCAGCGCAGCTCCGTGCGGGATCGACAGGGTTCAGG,762,MAGVPFRSPSTGRNVRAVLFDTFGTVVDWRTGIATAVADYAARHQLEVDAVAFADRWRARYQPSMDAILSGAREFVTLDILHRENLDFVLRESGIDPTNHDSGELDELARAWHVLTPWPDSVPGLTAIKAEYIIGPLSNGNTSLLLDMAKNAGIPWDVIIGSDINRKYKPDPQAYLRTAQVLGLHPGEVMLAAAHNGDLEAAHATGLATAFILRPVEHGPHQTDDLAPTGSWDISATDITDLAAQLRAGSTGFR,254,NA,PROBST_CP138905.1:6167917-6168690_Rhodococcusjostii_defluorinase,3.8.1.2,0,3,xenobiotic,acetate_F,5-FU metabolite (Fluoroacetate),Probst,middle steps cap degradation
"ATGTCGCTGTTAATCCGTGGCGCTACGCTTGTGACCCATGATGAAAGTTATTGTGCGGATGTATATTGCG
CTGACGGTCTGGTCCGCGCGATTGGCACTGATCTTGATGTTCCCCCAGGCTGCGAAGTTGTCGATGGTCG
CGGCCAATATCTGATGCCCGGTGGTATCGACCCCCACACACATATGCAATTGCCGTTTATGGGCACCGTC
GCCAGCGAAGACTTTTTCAGTGGCACCGCGGCCGGTCTGGCAGGCGGTACAACATCGATTATCGACTTTG
TCATTCCCAACCCGCAGCAGTCCCTGCTTGAGGCTTTTCATCAGTGGCGGGGCTGGGCCGAAAAGTCGGC
AGCAGACTATGGCTTTCATGTCGCAATCACTTGGTGGAGCGAGCAGGTACGTGAAGAAATGGCCGAATTG
GTCAGCCATCACGGCATCAACAGCTTCAAGCATTTCATGGCCTACAAGAACGCGATCATGGCCGCAGACG
ACACCCTGGTGGCCAGCTTCGAGCGTTGCCTGGAGCTGGGTGCGGTCCCGACCGTGCATGCCGAAAATGG
CGAACTGGTGTACCACCTGCAACGCAAACTTATGGCCCAGGGCATGACGGGGCCGGAAGCCCATCCGCTG
TCACGTCCCTCCCAGGTGGAAGGCGAAGCGGCCAGCCGGGCGATCCGCATCGCTCAGACCCTCGGTACGC
CGTTGTACCTGGTGCATGTTTCGACCCGTGAAGCACTCGACGAAATCACCTACGCCCGCAGTCAGGGCCA
ACCGGTATATGGCGAAGTACTGGCCGGGCATTTGCTGCTGGATGACAGCGTGTACCAGCATCCCGACTGG
CAAACGGCAGCAGGCTACGTGATGAGCCCGCCCTTCCGCCCTCGCGGGCATCAGGAGGCACTGTGGCACG
GCCTGCAATCGGGCAACCTGCACACTACCGCCACCGACCACTGCTGCTTTTGCGCCGAACAAAAGGCCGC
CGGGCGTGACGATTTCAGCAAGATCCCCAACGGCACGGCGGGCATCGAAGACCGCATGGCGCTGCTGTGG
GATGAAGGCGTGAATACCGGGCGCCTGTCGATGCAGGAGTTTGTAGCGCTGACCTCCACCAACACCGCGA
AGATCTTCAATATCTACCCGCGCAAAGGCACGATCCGGGTCGGTGCCGATGCCGACCTGGTGCTGTGGGA
CCCTCAGGGCACCCGCACCATTTCCGCCAAAACCCACCATCAAAATGTCGACTTCAACATCTTTGAAGGC
AAGACCGTACGCGGTGTGCCTAGTCATACCATCAGTCAGGGTCGCCTGGTGTGGGTTGACGGTGACCTGC
GGGCCGAACGCGGAGCCGGTCGCTATATCGAACGCCCGGCCTACCCTGCGGTGTTCGACTTGCTGAAAAA
GCGCGCCGAGCATCAGCAACCGGTGGCTGTTAAACGCTGA",1460,MSLLIRGATLVTHDESYCADVYCADGLVRAIGTDLDVPPGCEVVDGRGQYLMPGGIDPHTHMQLPFMGTVASEDFFSGTAAGLAGGTTSIIDFVIPNPQQSLLEAFHQWRGWAEKSAADYGFHVAITWWSEQVREEMAELVSHHGINSFKHFMAYKNAIMAADDTLVASFERCLELGAVPTVHAENGELVYHLQRKLMAQGMTGPEAHPLSRPSQVEGEAASRAIRIAQTLGTPLYLVHVSTREALDEITYARSQGQPVYGEVLAGHLLLDDSVYQHPDWQTAAGYVMSPPFRPRGHQEALWHGLQSGNLHTTATDHCCFCAEQKAAGRDDFSKIPNGTAGIEDRMALLWDEGVNTGRLSMQEFVALTSTNTAKIFNIYPRKGTIRVGADADLVLWDPQGTRTISAKTHHQNVDFNIFEGKTVRGVPSHTISQGRLVWVDGDLRAERGAGRYIERPAYPAVFDLLKKRAEHQQPVAVKR,479,NA,PROBST_pydB_NZ_RXHW01000013_1 _Pseudomonas_sp,3.5.2.2,0,3,xenobiotic,nucleoside_F,5-FU metabolite (uracil metabolism),Probst,middle steps cap degradation
"ATGCGTACGCTGTTCAAGGGCGGTACCGTCATCACCGGCCGGGGGCCCAAGCGGGCCGACGTGCTGGTGG
AGGGTGAAAAGGTCAGGCAGGTGGGCCGTCTGATCCTCACGCCGGCAGACCGGACGGTGGATGTGGAGGG
CTGTCTCCTGTTCCCCGGCTTTATTGACGCCCACACCCACTTTGATCTGGACGTCTGCAACACCACCACG
GCGGACGATTTCACCACCGGCAGCCGTGCGGCTCTGAAGGGCGGCACCACCACCGTCATCGACTTCGCCT
GCCCCAACAAGGGGGAGAGCCTGCAATACGGTCTGGATCTCTGGCATAAGAAAGCAGACGGCCGCACCTT
CTGCGACTACGGCTTCCACATGACCATCGACGATTGGAACGAATCCATCCGGGCGGAGCTGCCGGAGATG
TTCCGCCAGGGCGTGTCCTCCTTCAAGATGTATATGACTTACCCCGCCATGATGGTGGGTGACCGGGATA
TGTACTGGGCCTTGAAGGAGCTGCGTCACTTGGGCGGTATCTGCGGTGTCCACTGTGAGAACGCCGGTGT
CATCGATGGTATGATCGCTGAGAAAAAGGCAGCCGGGCTGATGGGTCCCTCCAGTCATCCGGAGACCCGT
CCTCCCTATCTGGAGGCTGAGGCCATCAGCCGCCTTCTGCGGATCGCTCAGGCGGCGGACTGCCCGGTGG
TCATCGTCCACCTGACCAACGAGGAGGCTCTCAAGGAGGTGGAGCACGCCCGGAAGCGGGGCCAGAAGGT
CTATGTGGAAACCTGTCCCCAGTATCTTCTGCTGGACGAAAGCGTTTATTACGCTCCCGACTACTCTCAG
GCGGCCCGGTACATCTGCGCACCCCCCATCCGGGAAAAGGCCAATCAGGAGGTTCTGTGGCGGGGCCTGC
GCCGGGGCGAGATCCAGACAATCTCCACCGACCACTGCTCCTTCACGCTGGCACAGAAGGACGCGGGCCG
GGAGGACTTCACCAAGATCCCCGGCGGTCTCCCCGGTGTAGAGACCCGAGGCGAGTTGATCTATTCCTAC
GGCGTGGCCGCCAAGAAGCTCTCTCTGGCCCAGATGTGCCGGGTGCTGAGTGAGAACCCCGCCAAGCTGT
ACGGTCTCTATCCCCGCAAGGGCGTTCTGGCCCCCGGCAGCGATGCCGACATCGTGATCTACGATCCCGG
TGACAGCCATGTGATCCGTGCGGAGGACTGCGTCGCCAACGTGGACTACAACCCCTACGAGGGCTTTGTC
ACCGCAGGCGGCATCCGGGAGGTCTGGCTCCGTGGCCGCAAGACCGTGGAGAACGGCAAGGTGCTGGACA
CCGTCCCGGCAGGCATGTATCTGGCCCGTGGAAAATGCGATCTGTAA",1396,MRTLFKGGTVITGRGPKRADVLVEGEKVRQVGRLILTPADRTVDVEGCLLFPGFIDAHTHFDLDVCNTTTADDFTTGSRAALKGGTTTVIDFACPNKGESLQYGLDLWHKKADGRTFCDYGFHMTIDDWNESIRAELPEMFRQGVSSFKMYMTYPAMMVGDRDMYWALKELRHLGGICGVHCENAGVIDGMIAEKKAAGLMGPSSHPETRPPYLEAEAISRLLRIAQAADCPVVIVHLTNEEALKEVEHARKRGQKVYVETCPQYLLLDESVYYAPDYSQAARYICAPPIREKANQEVLWRGLRRGEIQTISTDHCSFTLAQKDAGREDFTKIPGGLPGVETRGELIYSYGVAAKKLSLAQMCRVLSENPAKLYGLYPRKGVLAPGSDADIVIYDPGDSHVIRAEDCVANVDYNPYEGFVTAGGIREVWLRGRKTVENGKVLDTVPAGMYLARGKCDL,458,NA,PROBST_pydB_HumGut_5641_96 GUT_GENOME286263_96_Dysosmobacter,3.5.2.2,0,3,xenobiotic,nucleoside_F,5-FU metabolite (uracil metabolism),Probst,middle steps cap degradation
"ATGCGCATACTCATCAAGAACGGAACCATAGTAAACGCAAATGGCAGGGAGCGTAAGGATATACTCACCG
ACGGCGACAGGATAATCGCCATAGGCGGCAATCTTGACGCTGCGGGCGCGGAAGTGATAGACGCTGCGGG
CTGCTACGTCATGCCCGGCTTCATAGACACCCATACCCACTTTGACCTTGATGTCGGGCTTTGCGTTACG
GCGGATAACTTCAGGACGGGCACCCGGGCTGCGGCGCTGGGCGGCACCACCTGCGTGCTGGACTTCGCAA
CTCAGGACAGGGACGGGACGCTCAGGCAGGCACTTGAGACATGGCACAAAAAGGCCGAGGGCAGCAGCTG
CAATTACGGCTTCCATATGGCCATAGCCCGCTGGGACGCCGAGACCGAAAAAGAGATGGACTACATGAGC
GACAACGGCGTCACTTCATATAAGATGTACATGGTGTATGACGGCCTCAAGGTGGACGACGGCCAGATAT
ATGCCGCCCTCAAGACCGCCCGCGATCACGGCGCCCTCATAGGCATACACTGCGAGAACTGGGAAGTGCT
GCTCCGCCGCATAGATGAACTGAAGGCCCAGGGCGTGACGGAGCCCTGGGGACACCCCATCTCCCGCCCG
GCAGAGGTGGAGGCTGAGGCCGTCGCGCGGTATATGCGCATAGCCCAGCTTGCGGGCACCCCTGCGTATG
TAGTGCACCTTTCAACCGAGGAGGGCCTTATCGAGGCCCAGCGGGCGAGGGCGAGGGGACAGGAGGTATA
CCTTGAGACCTGCCCTCAGTACCTGCTTCTCACGGACGACAGATACAGGGATCCCGACGGAGTGAAGTTC
ATAATGAGCCCGCCTCTCCGCAAGGACGCGGACCGGGAGGCGCTCTGGCAGGGGCTAAAGGAGGGCGCGC
TGGACACCATAGGCACAGACCACTGCTCCTTCACCATGAAGCAGAAGATGCTGGGAGGCGGCAGGTTCTT
CAAGACCCCCAACGGCGGCGCGGGCGTTCAGCACAGGGGCCAGCTCATATACACCTACGGCGTGTGCGAG
GGCAGGCTCACCCTTGAGGATATGGTAAAGTACCTTTCCTACAACCCATCAAGGCTTTTCGGCATGCCGG
ACCGGGGCGAGATAGCCGAGGAAAAGGCGGCGGATATAGTTATATGGGATCCCTCCGTATCCGGTACCAT
AACCGATACCAACCACGCCTATAACTGCGACAATTCGGTCTTTGCGGGCTTTGACGTAAAGGGCGCTGCC
CGCCACGTTATTATAAACGGCGAGCATATTGTTGAGAACGGCAGCATAAAGCTTGAAGGCAGGGGCAGGT
ACATAAGCCGTACCGGCTATATGAAGTTAAGATGA",1384,MRILIKNGTIVNANGRERKDILTDGDRIIAIGGNLDAAGAEVIDAAGCYVMPGFIDTHTHFDLDVGLCVTADNFRTGTRAAALGGTTCVLDFATQDRDGTLRQALETWHKKAEGSSCNYGFHMAIARWDAETEKEMDYMSDNGVTSYKMYMVYDGLKVDDGQIYAALKTARDHGALIGIHCENWEVLLRRIDELKAQGVTEPWGHPISRPAEVEAEAVARYMRIAQLAGTPAYVVHLSTEEGLIEAQRARARGQEVYLETCPQYLLLTDDRYRDPDGVKFIMSPPLRKDADREALWQGLKEGALDTIGTDHCSFTMKQKMLGGGRFFKTPNGGAGVQHRGQLIYTYGVCEGRLTLEDMVKYLSYNPSRLFGMPDRGEIAEEKAADIVIWDPSVSGTITDTNHAYNCDNSVFAGFDVKGAARHVIINGEHIVENGSIKLEGRGRYISRTGYMKLR,460,NA,PROBST_pydB_HumGut_14218_14 GUT_GENOME195848_14_Clostridium,3.5.2.2,0,3,xenobiotic,nucleoside_F,5-FU metabolite (uracil metabolism),Probst,middle steps cap degradation
"ATCTCTTTTTCAGCATTAGCTCAAGCCGCGGCTGTTCGTGCAGGTGCCGTGACGAGTGGTGACTTGATTG
ACATGACTGCAAAAAAATTAGCCACACATAATCCGCAACTGAATGCGGTAACGTGGACGAGGTTTGATGC
GGCAAAGCATGAAGCCGCAGCACTCACGGATACTGGTCAGCCTTTTTTCGGGGTTCCTTTGTTTTTGAAG
GGACTCGGTCAAAGCCTCGCCGGTGCTCCGGAAACGGGCGGCAGCCGTCTATTTAAAAATGCCACGGCAA
CAAGTACGAATAACTTTGTACAAGCCTTACAAAAACTGGGTTTCATCATTGTCGGTCAAAGTAATGTGCC
GGAATTCGGATTTAAAAACATTACCGATGCTGCACTTTACGGACCGGCGCGTAATCCTTGGAATCTGGCC
TACTCACCGGGTGGCTCTTCCGGTGGTGCTGCAGCGTTGGTTGCCGCAGGAATCAGCCCGCTCGCAGCCG
GTTCTGACGGTGGCGGTTCTATCCGCATCCCCGCTTCTTTTTCTGGATTGATCGGGTTAAAACCAACGCG
TGGCCGTGTTCCCACCGGTCCCGGTGAATGGCGCGGCTGGCAAGGCGCCTCCATTAATTTTGCCTTGACC
CGGACGATGGCAGATACCGAAGCGCTCTTACGCAGTTTAGCCACTACTCAGTTAGCCGCACCATTTATTG
CCCCACCACTGCGGCTTGATCAAGTCAACGCCACACGACCGCTAAGAATTGCTTACACAACGCAATCTCC
CGTGGGCACACCGGTCAGCAGCACCGCCATAACTGCCGTCGAAAAAGCCGTCGATGCGTTGCGCGCTGCA
GGGCATACGGTGACCGAAGCCGCTCCGGATGTAGACGGTGTGGCACTCATGCAGGCTTATTATCTAATGA
ATGGCGGCGAAACGGCTGCCATGTTCCAAGCCTACACCGATCAAACCGGTCGGACGGTTACGCCTAACGA
TATTGAGTTAATCACTTGGGCCATCTATCAAGCAGGGTTGCACACCACCGCCGCTGATTACAGCCGGTCG
TTAGGCATCTGGGATCGGGCCGCTGAAGCTTACAGTCGATTTCATGAAACGTACGACTTGCTGCTAACCC
CGACCACCGCCAAAACCGCCCCGCGCATTGATGCCGCGTTACAATCACCAGCGATCATTAAAAAAATGCA
CCACGCAGCCGAGCTTGACCCAAGCGAACAACAAACGCTGATCTGGGATTTATTCGAACCCAGTCTCACC
TATTCACCATTCACGCAACAAGCGAACTTAACCGGCGCCCCAGCCATCAGCTTGCCGACCGCTATTTCAG
ATGAAGGCCTGCCACTAGGGATCCAATTTACCGCCGCCAAGGGTCGTGAAGATCAACTTCTACGGATCGG
CTATTGGTTTGAACAACACCATCTTTTGAAAATGTTGCCTGTAGCGGAATAA",1472,MADLSIVFAGIKAPNPFWLASAPPTDKAYNVVRAYEAGWGGVVWKTLGEDPAAVNVSSRYSAHFGPNREVMGINNIELITDRSLEINLREITQVKKDWPDRALIVSLMVPCEEESWKYILPLVEATGADGIELNFGCPHGMPERGMGAAVGQVPEYVEMVTRWCKTYCSLPVIVKLTPNITDVRLSARAAHRGGADAVSLINTINSITSVDLERMVALPMVGSQSTHGGYCGSAVKPIALNMVAEIARDPLTKGLPICGIGGIGSWRDAAEFIALGCGAVQVCTAAMLHGFRIVDEMKDGLSRWMDSQGYTSLDDFSGRAVGNTTDWKYLDINYQVIAKIDQQACIGCGRCHIACEDTSHQAIASLKQADGTHRYEVIDDECVGCNLCQITCPVQDCIEMVPHNNGLPFLDWNHDPRNPYCVAS,424,NA,PROBST_pydA_HumGut_30334_23_NZ_NQKL01000003_1_Pseudomonas_fragi,1.3.1.1,0,1,xenobiotic,nucleoside_F,5-FU metabolite (uracil metabolism),Probst,middle steps cap degradation
"ATGTCGCTGTTAATCCGTGGCGCTACGCTTGTGACCCATGATGAAAGTTATTGTGCGGATGTATATTGCG
CTGACGGTCTGGTCCGCGCGATTGGCACTGATCTTGATGTTCCCCCAGGCTGCGAAGTTGTCGATGGTCG
CGGCCAATATCTGATGCCCGGTGGTATCGACCCCCACACACATATGCAATTGCCGTTTATGGGCACCGTC
GCCAGCGAAGACTTTTTCAGTGGCACCGCGGCCGGTCTGGCAGGCGGTACAACATCGATTATCGACTTTG
TCATTCCCAACCCGCAGCAGTCCCTGCTTGAGGCTTTTCATCAGTGGCGGGGCTGGGCCGAAAAGTCGGC
AGCAGACTATGGCTTTCATGTCGCAATCACTTGGTGGAGCGAGCAGGTACGTGAAGAAATGGCCGAATTG
GTCAGCCATCACGGCATCAACAGCTTCAAGCATTTCATGGCCTACAAGAACGCGATCATGGCCGCAGACG
ACACCCTGGTGGCCAGCTTCGAGCGTTGCCTGGAGCTGGGTGCGGTCCCGACCGTGCATGCCGAAAATGG
CGAACTGGTGTACCACCTGCAACGCAAACTTATGGCCCAGGGCATGACGGGGCCGGAAGCCCATCCGCTG
TCACGTCCCTCCCAGGTGGAAGGCGAAGCGGCCAGCCGGGCGATCCGCATCGCTCAGACCCTCGGTACGC
CGTTGTACCTGGTGCATGTTTCGACCCGTGAAGCACTCGACGAAATCACCTACGCCCGCAGTCAGGGCCA
ACCGGTATATGGCGAAGTACTGGCCGGGCATTTGCTGCTGGATGACAGCGTGTACCAGCATCCCGACTGG
CAAACGGCAGCAGGCTACGTGATGAGCCCGCCCTTCCGCCCTCGCGGGCATCAGGAGGCACTGTGGCACG
GCCTGCAATCGGGCAACCTGCACACTACCGCCACCGACCACTGCTGCTTTTGCGCCGAACAAAAGGCCGC
CGGGCGTGACGATTTCAGCAAGATCCCCAACGGCACGGCGGGCATCGAAGACCGCATGGCGCTGCTGTGG
GATGAAGGCGTGAATACCGGGCGCCTGTCGATGCAGGAGTTTGTAGCGCTGACCTCCACCAACACCGCGA
AGATCTTCAATATCTACCCGCGCAAAGGCACGATCCGGGTCGGTGCCGATGCCGACCTGGTGCTGTGGGA
CCCTCAGGGCACCCGCACCATTTCCGCCAAAACCCACCATCAAAATGTCGACTTCAACATCTTTGAAGGC
AAGACCGTACGCGGTGTGCCTAGTCATACCATCAGTCAGGGTCGCCTGGTGTGGGTTGACGGTGACCTGC
GGGCCGAACGCGGAGCCGGTCGCTATATCGAACGCCCGGCCTACCCTGCGGTGTTCGACTTGCTGAAAAA
GCGCGCCGAGCATCAGCAACCGGTGGCTGTTAAACGCTGA",1460,MNAAHDLQQQRGQLINGERLWASLMELAQLGATVKGGVCRLALTDLDRQARDIFVRWCEDAGCTVSVDAVGNIFARRPGRNPDLPPVMTGSHIDTQPTGGKFDGCFGVLAGVEVLRTLNDLNIETEAPLEVVVWTNEEGSRFAPCMMGSGVFADKFTLEETLAKTDAQGVTVGEALNAIGYAGSRKVSGHPVGAYFEAHIEQGPILEDERKTIGVVLGALGQKWFDLNLRGVEAHAGPTPMHLRKDALVGAAAVVAAVNQAALGHQPHACGTVGCLQAYPGSRNVIPGEVRMTLDFRHLLPERLDSMIEQVRGVIEATCKQHGLSFELTPTADFPPLYFNPDCVNAVRDAANELGLSNMDIVSGAGHDAIFLAELGPAGMIFVPCEGGISHNEIENADPKDLAAGC,406,NA,PROBST_pydC_HumGut_30036_2 NZ_NQKQ01000010_1_Pseudomonas_fragi,3.5.1.6,0,3,xenobiotic,nucleoside_F,5-FU metabolite (uracil metabolism),Probst,middle steps cap degradation; ureidopropionase
ATGATAGAGGCTATCGCGTTCGATGCGTACGGCACGCTGTACGACGTGTACTCGGTGGAGCGGAAGTGCGAGGAGGAGTACCCCGGCAGCGGGGCGGCCATGAGCCGGCTGTGGCGCCAGAAGCAGCTGGAGTACTCGTGGCTGCGCACGCTCATGGGACGCTATGCGGACTTCTGGCGCGTCACCGAGGACGCGCTGCGCTACACGCTGGCCGAGCTGGGCTTGGAGGGCGACGAGGGGAAGATAGCGGCCATCATGGCAACCTATCTGGAGCTGGAGATGTACCCCGAGGTCATAGAGGCCATGGCGCGTTTCGGCACGCGCAAGAAGGCCATCCTCACGAACGGCAACCTGGGGATGATCCAGCCGCTCGTCGCGCGCTCCGGGCTGGGCGCGCACCTGGACGCCTGCCTGAGCGCCGACGAGGCGGGGCTGTTCAAGGTGCGGCCCGAGGTGTACCAGTTGGCCGTCGACCACCTGGGCGTTGCGCGGGAGCGCCTGCTGTTCGTGTCGTCGAACGGCTGGGACGTGGCCGGCGCCAAGGCGTTCGGCTTCACCGTGGGTTGGCTCAACCGCCGCGGCCTGCCACCCGAGGAGCTGGGCGTCCGCGCGGATTACGAGGCATCCAACCTGCTGGAGCTGGCGGAGATGGTGGTTTCGGCC,663,MIEAIAFDAYGTLYDVYSVERKCEEEYPGSGAAMSRLWRQKQLEYSWLRTLMGRYADFWRVTEDALRYTLAELGLEGDEGKIAAIMATYLELEMYPEVIEAMARFGTRKKAILTNGNLGMIQPLVARSGLGAHLDACLSADEAGLFKVRPEVYQLAVDHLGVARERLLFVSSNGWDVAGAKAFGFTVGWLNRRGLPPEELGVRADYEASNLLELAEMVVSA,221,NA,PROBST_LT900217.1:c2048779-2048075_Gordonibacterurolithinfaciens_defluorinase,3.8.1.2,0,3,xenobiotic,acetate_F,5-FU metabolite (Fluoroacetate),Probst,last steps cap defluorination
"GTGGATGTATCAAATGTTCGTATCGTCATCTTCGATACCTTTGGAACGGTGGTCAACTGGCATGAAAGCG
TTGTGCAGGAAGGAGAGGCGCTGGGCCGGGCCAAGGGCGTTTCCATCGACTGGCACGAATTTGCCAATGT
CTGGCGGGAAGAAGGCTATATCAAGGTGATGTATGAAGTGGCCCAGGGGCTGCGGCCCTGGGAGCCGGTG
GACGTATTGCACCGGCGCAAGCTGGATGAGCTTCTGGATGTCTATGGCCTCAAGCTCACGGAGGAAGAAA
CCGATCATTTCAACCGCCTCTGGCACCGTCTTCTGCCCTGGCCGGACGTGCAGGAAGGCCTTCGCCGCCT
CAAGACAAAATACAGCATCGGGCCTTTCTCCAATGGGGATTTCCGCCTGCTTCTCAACATGGCAAAGGGC
TCGGGGCTGCCCTGGGACTTTATCCTGGCGGGGCAGCAGTTCCAGAAGTTCAAGCCGGACCCGACGATTT
ATGAGGATGCCGTGGAGCTTCTGGGCGGCCGCCCGGAAGAAGTTCTGATGGTGGCGGCGCATCCCTCGGA
TCTGGACGGCGCCCATGCCATCGGATGCCCGACTCTCTATGTGCCCCGTCCGCTGGAATATGGCGCGGTG
AACAACCATGTGGAGCCGGAAGCGAAATACGACCACGAAACAGTGGCGGATTTCCGGGAGCTGGCGGCGC
GCCTGGGCGTATAA",724,MDVSNVRIVIFDTFGTVVNWHESVVQEGEALGRAKGVSIDWHEFANVWREEGYIKVMYEVAQGLRPWEPVDVLHRRKLDELLDVYGLKLTEEETDHFNRLWHRLLPWPDVQEGLRRLKTKYSIGPFSNGDFRLLLNMAKGSGLPWDFILAGQQFQKFKPDPTIYEDAVELLGGRPEEVLMVAAHPSDLDGAHAIGCPTLYVPRPLEYGAVNNHVEPEAKYDHETVADFRELAARLGV,240,NA,PROBST_JACRSS010000001.1:c644787-644077_Guopingiatenuis_defluorinase,3.8.1.2,0,3,xenobiotic,acetate_F,5-FU metabolite (Fluoroacetate),Probst,last steps cap defluorination
NA,0,MAAAIEIKKQETTYFELTALGLLSLVIGVLAGAVDTFFGKILLFLSAFRESHFLPLILFLPIIGICFTYLFQKYGDRSPQGMNLVFLVGQEEEKDIPLRLIPFVMVGTWLTHLFGGSAGREGVAVQLGATIANRLGNWVRLEKYASTLIMIGMAAGFAGLFETPIAATFFALEVLVIGKFSHHALLPALLAAFTASTTSQWLGLEKFSLMLPQSVDLTIPVFLKLLVIGLIFGMVGGSFAGCLETMKRIMKRRFPNPLWRIGIGALALVLLFVLLYQGRYSGLGTNLISASFTNQPIYSYDWLLKLVLTVLTISSGFLGGEVTPLFAIGSSLGVVLAPLFGLPIELVAALGYASVFGSATSTLFAPIFIGGEVFGFQNLPFFVIVCSVAYFISKPYSIYPLQKTSAMGQTRGSGG,421,6D0J_1,6D0J_1,7.2._,0,7,xenobiotic,anion_F,CLCF F−/H+ Antiporter,https://doi.org/10.2210/pdb6D0J/pdb,NA
NA,0,GSVSSVPTKLEVVAATPTSLLISWDASSSSVSYYRITYGETGGNSPVQEFTVPGSSSTATISGLSPGVDYTITVYAHGWLQWYMSPISINYQT,93,6D0J_2,6D0J_2,7.2._,0,7,xenobiotic,anion_F,CLCF F−/H+ Antiporter,https://doi.org/10.2210/pdb6D0J/pdb,NA
NA,0,MLTYAPLNFIAIGIGATLGAWLRWVLGLKLNGAGWPWGTLTANLVGGYLIGVMVALIASHPEWPAWIRLAAVTGFLGGLTTFSTFSAETVDMLCRGVYATAAAYAGASLAGSLAMTGLGLATVRLLLR,128,5NKQ_1,5NKQ_1,7.2._,0,7,xenobiotic,anion_F,Fluc F- channel,https://doi.org/10.2210/pdb5NKQ/pdb,Interpro: IPR003691
NA,0,SVSSVPTKLEVVAATPTSLLISWDAYYDEVMYYRITYGETGGNSPVQEFTVPGSSSTATISGLKPGVDYTITVYAYYDSYGHWSPISINYRT,92,5NKQ_2,5NKQ_2,7.2._,0,7,xenobiotic,anion_F,Fluc F- channel,https://doi.org/10.2210/pdb5NKQ/pdb,NA
NA,0,MTSIRAVVFDAYGTLFDVYSVAARAEQLFPGKGEALSVLWRDRQIDYTRIRSLAGPSGEHYKPFWDVTVDALRYACARLNLPLGNHAEATLMREYACLSAFPENVPVLRQLREMGLPLGILSNGNPQMLEIAVKSAGMSGLFDHVLSVDAVRLYKTAPAAYALAPRAFGVPAAQILFVSSNGWDACGATWHGFTTFWINRLGHPPEALDVAPAAAGHDMRDLLQFVQARQSMR,233,3UMB,3UMB,3.8.1.3,0,3,xenobiotic,acetate_F,5-FU transformation product hydrolysis,https://doi.org/10.2210/pdb3UMB/pdb,NA
NA,0,MLTKDLSITFCGVKFPNPFCLSSSPVGNCYEMCAKAYDTGWGGVVFKTIGFFIANEVSPRFDHLVKEDTGFIGFKNMEQIAEHPLEENLAALRRLKEDYPDKVLIASIMGENEQQWEELARLVQEAGADMIECNFSCPQMTSHAMGSDVGQSPELVEKYCRAVKRGSTLPMLAKMTPNIGFIQQMRTHPELRDFPISGIGGIETWEDAAEFLLLGAATLQVTTGIMQYGYRIVEDMASGLSHYLADQGFDSLQEMVGLANNNIVPAEDLDRSYIVYPRINLDKCVGCGRCYISCYDGGHQAMEWSEKTRTPHCNTEKCVGCLLCGHVCPVGCIELGEVKFKKGEKEHPVTL,351,P25889,P25889,1.3.1.1,0,1,xenobiotic,nucleoside_F,5-FU reduction (complex with PreT),https://www.uniprot.org/uniprotkb/P25889/entry,NA
NA,0,MPQQNYLDELTPAFTSLLAIKEASRCLLCHDAPCSQACPAQTDPGKFIRSIYFRNFKGAAETIRENNALGAVCARVCPTEKLCQSGCTRAGVDAPIDIGRLQRFVTDFEQQTGMEIYQPGTKTLGKVAIIGAGPAGLQASVTLTNQGYDVTIYEKEAHPGGWLRNGIPQFRLPQSVLDAEIARIEKMGVTIKCNNEVGNTLTLEQLKAENRAVLVTVGLSSGSGLPLFEHSDVEIAVDFLQRARQAQGDISIPQSALIIGGGDVAMDVASTLKVLGCQAVTCVAREELDEFPASEKEFTSARELGVSIIDGFTPVAVEGNKVTFKHVRLSGELTMAADKIILAVGQHARLDAFAELEPQRNTIKTQNYQTRDPQVFAAGDIVEGDKTVVYAVKTGKEAAEAIHHYLEGACSC,412,P76440,P76440,1.3.1.1,0,1,xenobiotic,nucleoside_F,5-FU reduction (complex with PreA),https://www.uniprot.org/uniprotkb/P76440/entry,NA
NA,0,MPDLADLFPGFGSEWINTSSGRIFARVGGDGPPLLLLHGFPQTHVMWHRVAPKLAERFKVIVADLPGYGWSDMPESDEQHTPYTKRAMAKQLIEAMEQLGHVHFALAGHDRGARVSYRLALDSPGRLSKLAVLDILPTYEYWQRMNRAYALKIYHWSFLAQPAPLPENLLGGDPDFYVKAKLASWTRAGDLSAFDPRAVEHYRIAFADPMRRHVMCEDYRAGAYADFEHDKIDVEAGNKIPVPMLALWGASGIAQSAATPLDVWRKWASDVQGAPIESGHFLPEEAPDQTAEALVRFFSAAP,302,Q6NAM1,Q6NAM1_DEHA_Rhodopseudomonas_palustris,3.8.1.3,0,3,xenobiotic,acetate_F,Fluoroacetate dehalogenase (EC 3.8.1.3),10.1021/ja200277d,Rhodopseudomonas palustris
NA,0,MFEGFERRLVDVGDVTINCVVGGSGPALLLLHGFPQNLHMWARVAPLLANEYTVVCADLRGYGGSSKPVGAPDHANYSFRAMASDQRELMRTLGFERFHLVGHDRGGRTGHRMALDHPDSVLSLAVLDIIPTYVMFEEVDRFVARAYWHWYFLQQPAPYPEKVIGADPDTFYEGCLFGWGATGADGFDPEQLEEYRKQWRDPAAIHGSCCDYRAGGTIDFELDHGDLGRQVQCPALVFSGSAGLMHSLFEMQVVWAPRLANMRFASLPGGHFFVDRFPDDTARILREFLSDARSGIHQTERRES,304,Q1JU72,DEHA_BURSP,3.8.1.3,0,3,xenobiotic,acetate_F,Fluoroacetate dehalogenase (EC 3.8.1.3),10.1128/JB.01654-08,NA
NA,0,MYEAIGHRVEDGVAEITIKLPRHRNALSVKAMQEVTDALNRAEEDDSVGAVMITGAEDAFCAGFYLREIPLDKGVAGVRDHFRIGALWWHQMIHKIIRVKRPVLAAINGVAAGGGLGISLASDMAICADSAKFVCAWHTIGIGNDTATSYSLARIVGMRRAMELMLTNRTLYPEEAKDWGLVSRVYPKDDFREVAWKVARELAAAPTHLQVMAKERFHAGWMQPVEECTEFEIQNVIASVTHPHFMPCLTEFLDGHRADRPQVELPAGV,269,A5JTM5,CBADH_PSEUC,3.8.1.7,0,3,xenobiotic,aromatic_F,4-chlorobenzoyl coenzyme A dehalogenase,10.1128/JB.183.12.3729-3736.2001.,NA
NA,0,MSSNSDHHISVEHTDGVATIRFTRPSKHNAASAQLLLETLEALYRLESDDSVGAIVLTGEGAVFSAGFDLEEVPMGPASEIQSHFRLKALYYHAVIHMLARIEKPTLAAINGPAVGGGLGMSLACDLAVCTDRATFLPAWMSIGIANDASSSFYLPRIVGYRRAMEWLLTNRTLGADEAYEWGVVNRVFSEADFQSRVGEIARQLAAAPTHLQGLVKNRIQEGSSETLESCTEHEVQNVIASVGHPHFAERLAMFRSKEMRSSALAVDLDAVCGGR,276,Q9LCU3,CBAD2_ARTSP,3.8.1.7,0,3,xenobiotic,aromatic_F,4-chlorobenzoyl coenzyme A dehalogenase,10.1128/JB.183.12.3729-3736.2001.,NA
NA,0,MSSNSDHHISVEHTDGVATIRFTRPSKHNAASGQLLLETLEALYRLESDDSVGAIVLTGEGAVFSAGFDLEEVPMGPASEIQSHFRLKALYYHAVIHMLARIEKPTLAAINGPAVGGGLGMSLACDLAVCTDRATFLPAWMSIGIANDASSSFYLPRIVGYRRAMEWLLTNRTLGADEAYEWGVVNRVFSEADFQSRVGEIARQLAAAPTHLQGLVKNRIQEGSSETLESCTEHEVQNVIASVGHPHFAERLAMFRSKEMRSSALAVDLDAVCGGR,276,O85078,CBAD1_ARTSP,3.8.1.7,0,3,xenobiotic,aromatic_F,4-chlorobenzoyl coenzyme A dehalogenase-1,10.1128/JB.183.12.3729-3736.2001.,NA
NA,0,MKKTDNDTTQDSTPDSPSNESRRAFLKTTGATVIAAPAILTSRKSMAQVVPGVAPSPATTPWQVDLPDAIEPLQPTDLFTDAYRIPQGTANTAYGECGRNRHQRWNDFFGNPQLQPGQADTYELRVKEDNNYSFHPDYPDQLAWTYEGVDGNGQPYHNPTFFARYGRPVIVRLHNELPKDHEGFGTPEISMHLHNLHTPSESDGFPGDYFSPYKAGPTLTKPGNFKDQFYPNIYAGLDEFPKDVDNPVGGDKREALGTLWYHDHTLDFTAANASRGMAGFYLLFDDLDSGDENDPNPAALRLPSYPYDYPLLFQDKRFDASGIHIYDQIDPEGTLGDKITVNGKIEPVLKVAKRKYRLRLLNAGPSRYYEFYLVNAAGTPQTFDYIANDGNLLPTTLRNQTRVRLGVAERGDIVVNFNRYALGTELYLVNRLVQTSTRGPGAVQAPGDRVLKIVVNRTAADNSQVPNTLRPIRRPTAEEIASAPVRRWTFARTSGLWTINSKLVNVKSPAARISKESMEIWDISNPNGGWSHPVHIHFEEGHILQRFVNGAAVAVPAHERGRKDVYNLGPNERIRLFIRFRDFPGKYVMHCHNMIHEDHAMMVRWDIVE,609,MBP6367605.1,MBP6367605.1_MCO1,1.10.3.2,0,1,sorption_control,sorption_control,"Multiple compounds, possibly PFAS (but most likely only sorbing https://pubs.acs.org/doi/10.1021/acs.estlett.3c00173)",doi.org/10.1021/acs.est.1c05803,NA
NA,0,MKHTEDDSTQDSTAGSSQDSLSDSPYNESRRAFFKTTGATILAAPLILTPRKSEAQGASSLPPSPPTTPWLEELPEAVEPVAQTDLLTDPYRIPQGETNTAYDECGRNKHQRWADFFGNPQLQYDQADTYELRAEEITDHVFHPDYPPQLVWNYVGKFEDGHPYPNPTFHARYGRPVIVRLYNELPEDHVGFGTPEISMHLHNLHTPSESDGFPGDYFSETKSGPTLSGPGKFKDQFYPNVYAGFDEFPKGPNNPVGGDKREALGTLWYHDHCLDFTAPNASRGLAGFYLIYDAIDSGDEHDPNPAALRLPSGRYDYPLAFQDKRFDANGIQIFDQLSPEGTFGDKITVNEKIEPVLRVARRKYRFRLLNAGPSRFYQFHLVNEADKVQSFTYIANDGNLLPKPLLNQFKVHLGVAERGDIVVDFSKYAQGTVLYLANRLEQNSTRGPNGVKAPGIRVLKFIVDHEPSEPDVSRVPSTLRPIRRPTPAEIAAAPVRTWVFARKNGMWSINDKFVNVNSPDAHIAAGGMEIWELDNPSGGWSHPVHIHFEEGHILKRFKNGIEVPVPAHEKGRKDVYVLGPNEAIRLFMRFRDFPGKYVMHCHNMIHEDHAMMVRWDIVE,627,MBP6057139.1,MBP6057139.1_MCO2,1.10.3.2,0,1,sorption_control,sorption_control,"Multiple compounds, possibly PFAS (but most likely only sorbing https://pubs.acs.org/doi/10.1021/acs.estlett.3c00173)",doi.org/10.1021/acs.est.1c05803,NA
NA,0,MDNQKNIYKKLLPIAILLLTTTNTFAQKVVRYDLYVKDTLVNFAGKEKRAIAVNGQIPMPTLTFTEGDTAEIHVHNLLKEETSLHWHGLFLPNKEDGVPNLTQMPIKPNTTHIYKFPIIQNGTHWYHSHSGLQEQIGMYGNFVMLKKADDKTFRNGIDDLPTLPIVLSEWTNVKPENIHRMLHNANDYPALKKNSVQSYGEAIKAGHFKTKLKNEWKRMLAMDVSDVYYEKILMNGKPSSDLKSIDGKELKAGDKVRLRISNGGASSYFWLTYAGGKITVVANDGNDVEPVEVDRLIIAVSETYDIVVTIPAENTAFEFLATTEDRTNSASMYIGNGIKQLQSPQPRLKYFEGMKMMNDMMKMNGDLDDMGMNMSLNQMDMNVVMYPEITGDSKPKQSENDPNRYNANALADIVTLNYAMLKSPNNTSLPQNAPVKELKFELTGNMNRYVWSLDNKVVSETDKILIKKGENVRIVLYNGSMMRHPMHLHGHDFRLLNGQGENAPLKNIVDIMPMETDTLEFNANVEGDWFFHCHILYHMMSGMGRVFSYENQAPNPLIPNPKLAQRKLFADDRAFHFMAENDFATNGNDGMAMVQGTRWSIGTEWRLGYNDHHGYETETHIGRYIGKMQWLMPFIGFDWRYRKLETDAMGNVHGEKNLFGQTNTKDNRRQFSLGVAYTLPMLVVLQTEIYHDGNLRVQLMREDIPISKRVRASFMVNTDKEYMAGLRYIVNKNIGLTTHYDSDMGLGFGVFLNY,755,WP_290825940.1,WP_290825940.1_MCO3,1.10.3.2,0,1,sorption_control,sorption_control,"Multiple compounds, possibly PFAS (but most likely only sorbing https://pubs.acs.org/doi/10.1021/acs.estlett.3c00173)",doi.org/10.1021/acs.est.1c05803,NA
NA,0,MFPGARILATLTLALHLLHGTHAAIGPTGDMYIVNEDVSPDGFTRSAVVARSDPTTNGTSETLTGVLVQGNKGDNFQLNVLNQLSDTTMLKTTSIHWHGFFQSGSTWADGPAFVNQCPIASGNSFLYDFNVPDQAGTFWYHSHLSTQYCDGLRGPFIVYDPSDPHLSLYDVDNADTIITLEDWYHVVAPQNAVLPTADSTLINGKGRFAGGPTSALAVINVESNKRYRFRLISMSCDPNFTFSIDGHSLQVIEADAVNIVPIVVDSIQIFAGQRYSFVLNANQTVDNYWIRADPNLGSTGFDGGINSAILRYAGATEDDPTTTSSTSTPLEETNLVPLENPGAPGPAVPGGADININLAMAFDVTNFELTINGSPFKAPTAPVLLQILSGATTAASLLPSGSIYSLEANKVVEISIPALAVGGPHPFHLHGHTFDVIRSAGSTTYNFDTPARRDVVNTGTDANDNVTIRFVTDNPGPWFLHCHIDWHLEIGLAVVFAEDVTSITAPPAAWDDLCPIYDALSDSDKGGIA,537,Q12729,LAC1_PLEOS Laccase-1 OS=Pleurotus ostreatus OX=5322 GN=POX1 PE=2 SV=1,1.10.3.2,0,1,sorption_control,sorption_control,"Multiple compounds, possibly PFAS (but most likely only sorbing https://pubs.acs.org/doi/10.1021/acs.estlett.3c00173)",10.1111/j.1432-1033.1996.00508.x ,NA
NA,0,MFPGARILATLTLALHLLHGAHAAIGPAGNMYIVNEDVSPDGFARSAVVARSVPATDPTPATASIPGVLVQGNKGDNFQLNVVNQLSDTTMLKTTSIHWHGFFQAGSSWADGPAFVTQCPVASGDSFLYNFNVPDQAGTFWYHSHLSTQYCDGLRGPFVVYDPSDPHLSLYDIDNADTVITLEDWYHIVAPQNAAIPTPDSTLINGKGRYAGGPTSPLAIINVESNKRYRFRLVSMSCDPNFTFSIDGHSLLVIEADAVNIVPITVDSIQIFAGQRYSFVLTANQAVDNYWIRANPNLGSTGFVGGINSAILRYAGATEDDPTTTSSTSTPLLETNLVPLENPGAPGPPVPGGADININLAMAFDFTTFELTINGVPFLPPTAPVLLQILSGASTAASLLPSGSIYELEANKVVEISMPALAVGGPHPFHLHGHTFDVIRSAGSTTYNFDTPARRDVVNTGTGANDNVTIRFVTDNPGPWFLHCHIDWHLEIGLAVVFAEDVTSISAPPAAWDDLCPIYNALSDNDKGGIVPS,541,Q12739,LAC2_PLEOS Laccase-2 OS=Pleurotus ostreatus OX=5322 GN=POX2 PE=1 SV=1,1.10.3.2,0,1,sorption_control,sorption_control,"Multiple compounds, possibly PFAS (but most likely only sorbing https://pubs.acs.org/doi/10.1021/acs.estlett.3c00173)",10.1111/j.1432-1033.1996.00508.x,NA
NA,0,AIGPAASLVVANAPVSPDGFLRDAIVVNGVFPSPLITGKKGDRFQLNVVDTLTNHTMLKSTSIHWHGFFQAGTNWADGPAFVNQCPIASGHSFLYDFHVPDQAGTFWYHSHLSTQYCDGLRGPFVVYDPKDPHASRYDVDNESTVITLTDWYHTAARLGPRFPLGADATLINGLGRSASTPTAALAVINVQHGKRYRFRLVSISCDPNYTFSIDGHNLTVIEVDGINSQPLLVDSIQIFAAQRYSFVLNANQTVGNYWIRANPNFGTVGFAGGINSAILRYQGAPVAEPTTTQTTSVIPLIETNLHPLARMPVPGSPTPGGVDKALNLAFNFNGTNFFINNASFTPPTVPVLLQILSGAQTAQDLLPAGSVYPLPAHSTIEITLPATALAPGAPHPFHLHGHAFAVVRSAGSTTYNYNDPIFRDVVSTGTPAAGDNVTIRFQTDNPGPWFLHCHIDFHLEAGFAIVFAEDVADVKAANPVPKAWSDLCPIYDGLSEANQ,499,1GYC,1GYC_1|Chain A|LACCASE 2|TRAMETES VERSICOLOR (5325),1.10.3.2,0,1,sorption_control,sorption_control,"Multiple compounds, possibly PFAS (but most likely only sorbing https://pubs.acs.org/doi/10.1021/acs.estlett.3c00173)",https://doi.org/10.1002/1873-3468.12971,NA
NA,0,MSIQRLGYLGFEVADVRSWRTFATTRLGMMEASASETEATFRIDSRAWRLSVSRGPADDYLFAGFEVDSEQGLQEVKESLQAHGVTVKVEGGELIAKRGVLGLISCTDPFGNRVEIYYGATELFERPFASPTGVSGFQTGDQGLGHYVLSVADVDAALAFYTKALGFQLADVIDWTIGDGLSVTLYFLYCNGRHHSFAFAKLPGSKRLHHFMLQANGMDDVGLAYDKFDAERAVVMSLGRHTNDHMISFYGATPSGFAVEYGWGAREVTRHWSVVRYDRISIWGHKFQAPA,295,P13453,"TODE_PSEP1 3-methylcatechol 2,3-dioxygenase OS=Pseudomonas putida",1.14.12.11,0,1,xenobiotic,aromatic_F,"Defluorination of 2,2-Difluoro-1,3-Benzodioxole",10.1128/mBio.03001-21,non-specific (cometabolic) defluorination
NA,0,MLFSHDATYYGQGIKEGQWSCLELTQACLANTEKLDPLLNAITEVYTESAIEQAKARDLTLAKLNHQERQNLSPFYGLPYLLKDLGQFFQGHPTTAGSSLLLKDRASQTDLALQQGQKAGLVYWGRSNVPEFGLKTVSDSKYFGKVANPLNLAYNPGGSSGGAAAAVKSGMAPIAAASDAGGSIRVPASDTGLIGLKPSRGRIAQGPSRYRPVNGLATQLVLAKSVRDIFNALKVFQSDQLTAIHHLPVIQESLLHPLDRPLKIAYSSQDPRGNKLSNQAKKALKKAVSSLRDLGHEVIEIDLPVDYDAVMAAYYTIMATETGYLVHQLEKKGQSIDFEALDPLTWVTYQLADQMPASAYIHFAGQQDQWVESMQMLLQDWDLFLTPTCSAPAVKNSDLVYPQGLLDQIQAMKSMSFQQKWQVANNAFDFTYLRTSYCPLLNITGQPGISLPIYQDETGLAMGVHFTAAVGKEYLLLQIAQALEAQGKLHAEICKLIEPA,507,PKY92403.1,MARTI_P161_amidase,3.5.1.13,0,3,xenobiotic,anilide_F,Flutamide hydrolysis,Marti…Schärer et al. submitted ACS Environmental Au 2024,NA
NA,0,MIFNQDASYYGQAIKNGDYRCTDLVEAVLENTKHFNSKLNAITETYPDSALQQAKKMDQCLAQMDAKTRQTLSPFYGVPYLLKDLGQFYQGHPTTAGSSLLLKSISQHTDRSLQQGLDAGLIYWGRSNVPEFGLKTVSDSKYFGKVNNPMNLSYNPGGSSGGAAAAVKAGIAPIAAASDAGGSIRVPASDTGLIGLKPSRGRIAQGPNRYRPVNGLATSLVVSRSVRDVFHSLKTFQANQKTAIHHLPLIEAPTLESLEKPLKIAYSYQHPRGLDTDPEAIIAMKKTLNTLKNLGHEVIEIDLPVDYEAVMEAYYTIMATETGQLVRQIEQNQTTIEFDQLDPLTWVTYQFAPNAPASAYIKFSAQQDLWVETMQTLHQTYDLYLTPTCSSPAVNNTDLVYPEELLSEIHQMDQLNYEAQWDVTKKAFDFTYLRTSYCPLLNITGQPGISLPVHETDKGLAMGVHFAAAIGEEYRLLQIANSLEKVGLLHTDICSVTI,505,PKY89575.1,MARTI_P156_amidase,3.5.1.13,0,3,xenobiotic,anilide_F,Flutamide hydrolysis,Marti…Schärer et al. submitted ACS Environmental Au 2024,NA
NA,0,MLFTEDAVQIAQQIRGSHISIVDTVQRALDNIDQYNPLLNAVTHTQYDALDIAEAYQAKLDALSDAQKEALPPFYGVPILLKDLGQTQAGQPSTSGSRLMKDFIAPITDNFVQQVLDAGFIVVGRTNTPEFGFKNESDSDFNGAVNHPMDLKRNPGGSSGGAAAALKAGLVPAVTASDGGGSIRIPASFTGLIGLKPTRGRMPVGPGGYRGWQGASIDFAITRTVRDTWEMLKALQVEQTEAAFFCPKIAQQELTALDRPLNIAYTYDVPAGYALREEAREALDQAVEQLKRLGHQLVEVPLPTDGRRAMETYYMVNGVETQVMMESIEQGQQRKVTQDDMEPMSWALYRSGENVTGADYSRVLTYWDNLAVQMEQFFKEYDVLLTPTNNGAAFVHEEFHKQPEMVDRLHHIDDLSKAEQQSLIWEMFDRSLEWTPFTQQQNLTGQPAISLPMYHTAQGLPIGIQAWGGRGEEYLLLQLALQLEENGLLHTDIIDLSTQINE,509,PKY89520.1,MARTI_P162_amidase,3.5.1.13,0,3,xenobiotic,anilide_F,Flutamide and CAP hydrolysis,Marti…Schärer et al. submitted ACS Environmental Au 2024,NA
NA,0,MSINEWSDATAMAEAVRNKTVSPRELVEATIREAERTNPKINAIVSQRYEKAIEEAETRNFSGKPFSGVPIFLKDLGQEQAGEPSSAGSRLFTSYRAKETDNYVKKLEELGFIILGRSSTPEFGFKNISDAQIHGPVNLPNDVTRNAGGSSGGAAALVSSGISPLAPASDGGGSIRIPASFNGLIGLKPTRGRIPVGPSSFRGWQGASVQFALTKTVRDTIRLLYHMQTCQMESPFILPKLSKVSLEEAVRPLKIAFLTVSPIGGNVSESAIAATKKAARALESLGHHVHEISNQPLNGIEAMQSYYIMNSVETAAMFDSIEAGLGRKMTLEDMELMTWAIFQSGQKIPAKIYSKILAQWDQYSHQMAKFHESYDILLTPTVAEVAPKHGQFALSENLQNHLKHMADFDWPKQQELIWEMFADSLDWTPFTQQANLTGQPSISLPVYRDEQGLSLGVQLTAAKGREDLLLHLAQQMEECSVFS,489,PKZ94153.1,MARTI_P131_amidase,3.5.1.13,0,3,xenobiotic,anilide_F,Flutamide and CAP hydrolysis,Marti…Schärer et al. submitted ACS Environmental Au 2024,NA
NA,0,MKDGLYWVQQLKEQKVSHTELLKDIEKKVQKLNPKINGFVTFDSQKAEATYQKNKQQDTLFAGLPFPLKMLGQEKAGWSATAGSQLFKNSTATTTSNFVKQAETIGLMPLGQTNAPEFGFKNITDPALYGPARNPWNLEHSPGGSSGGAAAVVASGIVPIAGASDGGGSIRIPASFSGLIGLKPSRGSMPVGPEGWRGWQGASIDFALTISMRDTKALFYGLRGSHSGAPYQAPLAEWQTHPKKQRLKIALCTASPIGSMISPEATQAAKQAADFLAAAGHEIIEIPYPVDGAALIRSYYQMNGAETTAMMNSIQQGLGRPIRKEEIEPFSWTMHQFGQKIPAATYVHSLQLWDQAAVTMEELFQKFDLFLSPTTAFSAPKINEDLQSEHIRQRMEQAAELTEAELAELIYDYFDKSLQLTPYTQLANLTGQPAISLPTHVTATGLPLGIQLLAARGREDLLFQVGEQFEQEGKFKLPESYR,488,PKZ01497.1,MARTI_P128_amidase,3.5.1.13,0,3,xenobiotic,anilide_F,CAP hydrolysis,Marti…Schärer et al. submitted ACS Environmental Au 2024,NA
NA,0,MDYFKSYSDDATALAGQIRQGQTSSQDLVRQAIDRAKAINPKLNAVTRLFEDYAQDLAQEDHSQTLFAGIPTLMKDLGHNIKGVPATSGARLLKDQIAPVTSNFSRSVMATGLIPIGQSNVPEFGLKFISDSDYYGPVHNPVDPDYNAGGSSGGAAAAVQAGIVPVATASDGGGSIRIPASFSGLVGLKPSRVRTATGPRKWRSWGGAPVGFMMTKSIRDTAQLLLALQSNLKPIPFQTLPIPKAHIDHAIRAVKNLRIAYSTKSPAGTEVSDEAIQAVENTVRFLRDQGFQVEAADPKINGQELVRGYYEMNGAEMAASFLGIEQQLQRKIQREDVEIQTWTMAQYGKTIPAYRYSQIFDTWDQAAEIMDDFHQTYDILIQPSTAQAAPRVDDKLYSQSDYEAMLRSEELPAPDLAELVYQVFKKGLLASPFAMIYNLTGQPAISLPLHTCQNGLPLGVQLIANKGEEALLIGLSAYLEREDRFHYYPDLI,499,PKZ20744.1,MARTI_P148_amidase,3.5.1.13,0,3,xenobiotic,anilide_F,Flutamide hydrolysis,Marti…Schärer et al. submitted ACS Environmental Au 2024,NA
NA,0,MSFEIPEALSGVPRRVDDGLPLAAELRRQLLAGEITAVEIAQDVAERVRSKNPDLNAVVTWDEDMLLAQARDADDALAGFRGSATADSAALGKRVPPLLGLPMGLKDGLDVAGLPTTHGSAAVDHVVAGEDGLHATRLRSAGANLFAKTAVPEFLLSCHSENPIHPPARNPLEVSRTPGGSSGGAAAAVAGGLMPVAPGNDGGGSVRIPASATGLVGLKLGRGAMVEDITDEDGNVAAVDRWGAPKLGVTGPLGRDARDAALMLDGLLFDRSRLAAGHSATPALDAVVNTLDHSEGLAGLHVGFTRASAFDAALPVEISPAAEAAFARACAVLERLGAAVEESPWEAPSDYDETFRKVWTAGLGRTPIQYEDKLGDLAASFRAEAQARTPQEQENANERLLEIGGAMSTAWGSFDVVVTPAMADTPPRIGYFTEHDGATDYRMQCLYTPYTSMVNVAGVPAVTVPVGWTPDGFSMSAQLIGRMGSEVQLLCIAALMQRELASEGLI,513,PKY79758.1,MARTI_P168_amidase,3.5.1.13,0,3,xenobiotic,anilide_F,Flutamide hydrolysis,Marti…Schärer et al. submitted ACS Environmental Au 2024,NA
NA,0,MSSGLVPRGSHMASMDVFWFLPTHGDGHYLGTTQGARPVTLNYLKQVAQAADSLGYHGVLIPTGRSCEDSWVIASALVPLTERLRYLVAIRPGIISPTVSARMAATLDRLSNGRLLINVVTGGDPDENRGDGSFLSHSERYEVTDEFLKIWRRVLQGEAVDFEGKHLKVQNAKALYPPVQKPYPPLYFGGSSDAAHDLAAEQVDVYLTWGEPPAAVAEKLADVRERAARHGRKVKFGIRLHVIVRETAEEAWKAADKLIEHISDETIEAAQKSFSRFDSEGQRRMAALHDGRRDNLEIAPNLWAGVGLVRGGSGTALVGDPQQVAARIKEYADLGIESFIFSGYPHLEEAYRFAELVFPLLPEPYASLAGRGVTNLTGPFGEMIANDVLPAKANA,395,7JV3,7JV3_1|Alkanesulfonate monooxygenase|Pseudomonas fluorescens (205922,1.14.14.5,0,1,xenobiotic,perfluoroalkenoate_F,Alkanesulfonate monooxygenase,10.1016/j.jbc.2021.100823,NA
NA,0,MAIKVIEEKCIGCSKCQKSCPFDAITIENKIAVIGDACTNCGTCIDVCPTEAILQEGTEKIVRDLSMYKGVWVFAEQREGKIMPVVFELLGEGKKLANEIGTELCAILCGSNVAELTDELFAYGADKVYLADAPELEKYTTDGYSKIINEAIGLYKPEIVLYGATHIGRDLAPCLAVKVNTGLTADCTKLEIDPDDKKIRQTRPAFGGNLMATIVCPGSRPQMSTVRPGVMDKAAYDPSQKGEVIKLDATFNEGDIRTKVLEIVKTTTDNISISDADFIVSGGMGLGKPEGFELLKQLADKLGGTVATSRACVDAGWADHAQQVGQTGTTVKPQIYFACGISGAIQHIAGMQDSDIIIAINKNENAPIFEVADYGIVGDLYKVIPAIIEELDKIGK,396,6FAH_1,"6FAH_1|Chains A, E|Caffeyl-CoA reductase-Etf complex subunit CarE|Acetobacterium woodii (strain ATCC 29683 / DSM 1030 / JCM 2381 / KCTC 1655 / WB1) (931626)",1.3.1.108,0,1,xenobiotic,perfluoroalkenoate_F,"reductive defluorination of α, β-unsaturated per- and polyfluorocarboxylic acids",https://doi.org/10.1126/sciadv.ado2957,NA
NA,0,MRILVCAKQVPDTNEVKIDPKTGTMIREGVPSILNPDDANALEAALVIKDENPGTEVIVMTMGPPQASEMLRECLAMGADEAYLLSDRAFGGADTWATSATLAAGIKKVKKVDLVLAGRQAIDGDTAQVGSQIAQRLKMPVVTYVEDIKIEDKKAIVHRQMEDGYEVIEVQLPCLLTCVKELNDPRYMSVGGIMDAYEQPITIWNHEDIGLSPEACGLNASPTQVFRSFSPPAKGGGEMITGTTVNEVAGSLVSKLKEKHII,262,6FAH_2,"6FAH_2|Chains B, F|Caffeyl-CoA reductase-Etf complex subunit CarD|Acetobacterium woodii (strain ATCC 29683 / DSM 1030 / JCM 2381 / KCTC 1655 / WB1) (931626)",1.3.1.108,0,1,xenobiotic,perfluoroalkenoate_F,"reductive defluorination of α, β-unsaturated per- and polyfluorocarboxylic acids",https://doi.org/10.1126/sciadv.ado2957,NA
NA,0,MYFSEQNKMIRKLARDFAEKELTTEILDEVEESGEFPQEILDKMAKFGFFGIKIPKSLGGSGGDHMSYVICMEEFARVSGVASVYLSSPNSLAGGPLLLSGTEEQIEKYLKPIITGKKKLAFALTEPGAGSDAGGMSTTAVDMGDYYLLNGRKTFITMAPLCDDAVIYAKTDMSKGTRGISAFIVDLKSEGVSMGKNEHKMGLIGCATSDIIMEDVKVPKENRLGEVNKGFSNAMKTLDVGRLGVASQSIGVAQGALDEAIKYAKERKQFGKRIADFQAIAFMIADMATKLEAAKLLVYNAASLMDNKKNATKEASMAKFYASEICNEICAKAVQIHGGYGYIKEYKVERMYRDCRVFTIYEGTSQVQQMVISGMLLKK,379,6FAH_3,"6FAH_3|Chains C, D|Caffeyl-CoA reductase-Etf complex subunit CarC|Acetobacterium woodii (strain ATCC 29683 / DSM 1030 / JCM 2381 / KCTC 1655 / WB1) (931626)",1.3.1.108,0,1,xenobiotic,perfluoroalkenoate_F,"reductive defluorination of α, β-unsaturated per- and polyfluorocarboxylic acids",https://doi.org/10.1126/sciadv.ado2957,NA
NA,0,MNPTTQKLVEQNAPAQLVDHNLVPETVCPGVLYEKRPARNLKGEVVPGLYNVWISLDNPKQYNSYTTDMVKGLILAFRAASCARDVASVVFTAVGDKAFCTGGNTKEYAEYYAGNPQEYRQYMRLFNDMVSAILGCDKPVICRVNGMRIGGGQEIGMAADFTVAQDLANFGQAGPKHGSAAIGGATDFLPLMIGCEQAMVSGTLCEPFSAHKANRLGICMQIVPALKVDGKFIANPLVVTDRYLDEFGRIIHGEFKTGDELAAGKELMKRGEIDLSLLDEAVEKLCAKLISTFPECLTKSFEELRKPKLDAWNRNKENSRAWLALNMMNEARTGFRAFNEGNKETGREIEFTDLRQALAKGMPWTPELIESLMPGAK,382,AJ224959.2,"lcl|AJ224959.2_prot_CAA12245.1_4 [gene=oah] [db_xref=GOA:O87872,InterPro:IPR001753,UniProtKB/TrEMBL:O87872] [protein=6-oxocyclohex-1-ene-1-carbonyl-CoA hydratase] [protein_id=CAA12245.1] [location=4455..5588] [gbkey=CDS]",4.2.1.17,0,4,xenobiotic,aromatic_F,promiscuous anaerobic defluorination of 2-Fluorobenzoate,https://doi.org/10.3389/fmicb.2017.02579,NA
NA,0,MSEASSPLKVWLERDGSLLRLRLARPKANIVDAAMIAAMRQALGEHLQAPALRAVLLDAEGPHFSFGASVDEHMPDQCAQMLKSLHGLVREMLDSPVPILVALRGQCLGGGLEVAAAGNLLFAAPDAKFGQPEIRLGVFAPAASCLLPPRVGQACAEDLLWSGRSIDGAEGHRIGLIDVLAEDPEAAALRWFDEHIARLSASSLRFAVRAARCDSVPRIKQKLDTVEALYLEELMASHDAVEGLKAFLEKRSANWENR,261,AJ224959.2,"lcl|AJ224959.2_prot_CAA12246.1_5 [gene=dch] [db_xref=GOA:O87873,UniProtKB/Swiss-Prot:O87873] [protein=cyclohexa-1,5-diene-1-carbonyl-CoA hydratase] [protein_id=CAA12246.1] [location=5588..6364] [gbkey=CDS]",4.2.1.17,0,4,xenobiotic,aromatic_F,promiscuous anaerobic defluorination of 2-Fluorobenzoate,https://doi.org/10.3389/fmicb.2017.02580,NA
NA,0,MECFVGIDLGSTTTKAVVMDDKGQVLGRGITNSRSNYDTAARVSKLEAFIDARLSLIRRELDKEPAVAGRVDEIIDGLTRNFRREQFIEQLGDLEQTCVANVEGPRFAGKEKAIVGALTEVFRRLREEEADKLFAPDAQRKSDFFRDLAGSRFMQIGEEVARANGVEFDHLLHMYDKSIIEVENRPPSADMNRKFRSAMERVRGEMSSALDTAALGAPIDAALEIDMSERYVVGTGYGRVRLPFPKEHIRSEILCHGLGAHLMYPKTRTVLDIGGQDTKGIQIDDKGIVVNFQMNDRCAAGTGRYLGYVADEMNMGLHELGPLAMKSTKSIRINSTCTVFAGAELRDRLALGDKREDILAGLHRAIMLRAMSIISRSGGITDQFTFTGGVAKNEAAVKELRQLVKENYGEVQINIDPDSIYTGALGASEFARRAVVEA,438,O87876,BCRA_THAAR,1.3.7.8,0,1,xenobiotic,aromatic_F,reductive defluorination of 4-fluoroaromatics,https://doi.org/10.1128/mbio.00990-16,NA
NA,0,MSAKTNPEVIKESSMVKQKEMIAGNYDRLTGTKESGEKVVSTFVPGNLNELIMCFDMVNNLPETNAIQNGMRKQSGGMIMDAEKAGHSEDVCTYVKADIGMMGRGNIAPNGKPMPAPDMLLLSYTGCFTFMKWFELLRHEYKCPTVMLQIPYQGDGKITKNMRDFVVKQLKEEVIPMFEQVSGVKFDIDRLREYLKNSAKAEDDLVWVLESAKNRPSPIDAYFGGVYYIGPMFTAFRGTADAVEYYGLLRGEIEQRIREGKGPITPEGDMKEEKYRLVVEGPPNWTSFREFWKLFYDEGAVVVASSYTKVGGLYDQGFRHDPNDPLGTLADYCLGCYTNNNLPQRVELLEKYMNEYQADGLLINSIKSCNSFSAGQLLMMREIEKRTGKPAAFIETDLVDPRYFSHANVKNRLESYFQMVDQKRSGASLATA,432,O87875,BCRB_THAAR,1.3.7.8,0,1,xenobiotic,aromatic_F,reductive defluorination of 4-fluoroaromatics,https://doi.org/10.1128/mbio.00990-16,NA
NA,0,MSTADIIARCEALYEDLDFTAARQWKEADPSRKVIAYMPVYVPREIIHAAGMLPLGIMGGGDGLEVIHGDAFYQSYICRIPRSTIELGLSKRMDFVDGMLFPSICDVIRNLSGMWKLMFPGKYVRYFDVPQNYRDDVGGNYYTAELNELREGLEHLSGRKITDDALRASIKVYNENRKLVQDVYGLRSREPWKVPSADVYLLMRAGLVLPVEEHNQMLKDYLAAAVKVEAQKRDNCRVIINGSFCEQPPLNLIKSIELSGCYIVDDDYMIVHRFLRNEVSTAGDPMQNLSLAFLHESISTAAKYDDKEEDKGKYLLEQVRTNAAEGVIFAAPSFCDPALLERPMLADRCSENKVPYISFKYAENSGQMQPIREQAGTFADSIKLWS,386,O87874,BCRC_THAAR,1.3.7.8,0,1,xenobiotic,aromatic_F,reductive defluorination of 4-fluoroaromatics,https://doi.org/10.1128/mbio.00990-16,NA
NA,0,MTITAGIDIGTGAVKTVLFRVEGDKTEWLAKRNDRIRQRDPFKLAEEAYNGLLEEAGLKASDVDYVATTGEGESLAFHTGHFYSMTTHARGAVYLNPEARAVLDIGALHGRAIRNDERGKVETYKMTSQCASGSGQFLENIARYLGIAQDEIGSLSTQADNPEVVSSICAVLAETDVINMVSRGISAPNILKGIHISMAGRLAKLLKSVGARDGVVLCTGGLALDEGLLKTLNESIQEQKMAVVAYNHPDSPYAGAIGAALWGAFRHEKLARLGQQQVAEAA,282,O87877,BCRD_THAAR,1.3.7.8,0,1,xenobiotic,aromatic_F,reductive defluorination of 4-fluoroaromatics,https://doi.org/10.1128/mbio.00990-16,NA
NA,0,MTTETIQSNANLAPLPPHVPEHLVFDFDMYNPSNLSAGVQEAWAVLQESNVPDLVWTRCNGGHWIATRGQLIREAYEDYRHFSSECPFIPREAGEAYDFIPTSMDPPEQRQFRALANQVVGMPVVDKLENRIQELACSLIESLRPQGQCNFTEDYAEPFPIRIFMLLAGLPEEDIPHLKYLTDQMTRPDGSMTFAEAKEALYDYLIPIIEQRRQKPGTDAISIVANGQVNGRPITSDEAKRMCGLLLVGGLDTVVNFLSFSMEFLAKSPEHRQELIERPERIPAACEELLRRFSLVADGRILTSDYEFHGVQLKKGDQILLPQMLSGLDERENACPMHVDFSRQKVSHTTFGHGSHLCLGQHLARREIIVTLKEWLTRIPDFSIAPGAQIQHKSGIVSGVQALPLVWDPATTKAV,415,P00183,CPXA_PSEPU,1.14.15.1,0,1,xenobiotic,perfluoroalkenoate_F,reductive dehalogenation,https://doi.org/10.1021/bi00087a014,NA
NA,0,MALSQSVPFSATELLLASAIFCLVFWVLKGLRPRVPKGLKSPPEPWGWPLLGHVLTLGKNPHLALSRMSQRYGDVLQIRIGSTPVLVLSRLDTIRQALVRQGDDFKGRPDLYTSTLITDGQSLTFSTDSGPVWAARRRLAQNALNTFSIASDPASSSSCYLEEHVSKEAKALISRLQELMAGPGHFDPYNQVVVSVANVIGAMCFGQHFPESSDEMLSLVKNTHEFVETASSGNPLDFFPILRYLPNPALQRFKAFNQRFLWFLQKTVQEHYQDFDKNSVRDITGALFKHSKKGPRASGNLIPQEKIVNLVNDIFGAGFDTVTTAISWSLMYLVTKPEIQRKIQKELDTVIGRERRPRLSDRPQLPYLEAFILETFRHSSFLPFTIPHSTTRDTTLNGFYIPKKCCVFVNQWQVNHDPELWEDPSEFRPERFLTADGTAINKPLSEKMMLFGMGKRRCIGEVLAKWEIFLFLAILLQQLEFSVPPGVKVDLTPIYGLTMKHARCEHVQARLRFSIN,516,P05177,CP1A2_HUMAN,1.14.14.1,0,1,xenobiotic,aromatic_F,oxidative defluorination of aromatic compounds,https://doi.org/10.1002/anie.202310785,NA
ATGAGCCACTTTCTGTATGGCGCCAACGTGCAGGCCAACGGCATTCGCCAGCACTATCTGCGCTACGGCGGGCAAGGCCCGGTGGTGATCCTGATCCCCGGCATCACCAGCCCGGCGATCACCTGGGGCTTCGTGGCCGAACGACTGGCTGAAAAGTACGACACCTATGTGCTGGACGTACGTGGGCGCGGACTATCCGCCAGCGGACCGGACCTGGCTTATGACGCCGAAACCTGTGCCCAGGACATAACCTCTTTCGCTTGCGCTTTGCAATTGGAAAACTACGCCCTGCTCGGTCATTCAATGGGGGCGCGCTTTGCCTTACGCGCTGCCGCGCTCCATCCGGCAGGGGTACGACGGCTGGTGCTGATCGACCCGCCAGTTTCCGGCCCCGGTCGGCGCGAATATCCGGGCAAGTGGCCCTGGTATGTCGATTCGATCCGTCAGTCACTGTTGGGTATGAACGCCGAACAGATGCGCACTTACTGCCCCAACTGGAGCGAATCGCAGCGCCAACTGCGTGCCGAATGGCTGCACACCTGCTATGAACCGGCCATCCAACGCGCCTATGAAGATTTCCATCAGGTCGATAGTCATCGCGATTATCCCGCGTTGAGCATGCCGACATTACTGATGGTCGCGGGCCTTGGCGGCGTGATCCAGCAGGAAGACGAGGCGGAGATCCGCGCATTGCAGCCAGAGATAACTCTCGCGCACGTTGAAAATGCCGGACATATGATCCCGTGGGACGACTTTGACGGTTTCTTCCGTGCTCTGGGCAATTTTCTGGAT,792,MSHFLYGANVQANGIRQHYLRYGGQGPVVILIPGITSPAITWGFVAERLAEKYDTYVLDVRGRGLSASGPDLAYDAETCAQDITSFACALQLENYALLGHSMGARFALRAAALHPAGVRRLVLIDPPVSGPGRREYPGKWPWYVDSIRQSLLGMNAEQMRTYCPNWSESQRQLRAEWLHTCYEPAIQRAYEDFHQVDSHRDYPALSMPTLLMVAGLGGVIQQEDEAEIRALQPEITLAHVENAGHMIPWDDFDGFFRALGNFLD,264,WHM00222.1,"WHM00222.1 hydrolase, partial [Serratia liquefaciens]",3.8.1.3?,0,3,xenobiotic,aminoacid_F,hydrolase (?) capable of degrading monofluorinated compounds,https://doi.org/10.1021/acs.est.3c01240,NA
ATGAGTTCACTCGAGGCACGCCGCACCGACCGCACCGACCTGCCCCTGCCCGCGGCGGGCGACTGGGAGTACGGCGGCTATCCCTACGGCCTGGAGCCGCTCACGCTGCCCCTCGCCTCCCCCGGCTCTTCCCCCGCCGCGCACCGCCGGTCGGACGGTTCCCCGCCGCCCTGGCCGGGCACCTGGCGGACCCCGTCGCCGGAGTTCCCGGCGAACGCCGCGGTGGACCTGACGGACCCGCTCGGGGTCGACCGCCTCTTCTGGTTCCGCTGGATCACCGGCCACCAAGTCACCTTCGTACTCTGGCAGTTACTGGCCTCGGTACTCGCCGAGAGCGCGGAGGGCCCAGGCGGAGAGGCGCGGGCGGCGGAGCGGGCCCGCCGCTACGTGCGCGGCTACTCCCTGATGCTCCTGTACACCAGCTCCTGCCCGCGGTCGGTGTACGACCGGCTGATCCGGCCCCACCTGGCGCTCCAGCACCGGCACCTCAGCGGCGCCTGGGCCCGGGACTACCACCCGGTGCGGTCGCTGCTGCGCGGCCGTCTGCCGGCCGGGCTCGACGACGCGCCGTTGCGCGAGGAGTGCCGGCTCAACCACCACGTCCACGAGGGCATCGCCGCCAAGCTGGTGCCGTCCGGGGTCTCGCTGCTCCAGCAGACGAACCAGCACCAGGAACAACGGTTCCTCCACCGCGACCGGCTCTCGTCGCTGTACGACTGCGTCTTCCTCACCGTGCGGGCGCCCGCCTCGTACGAGCAGGTCGTCACCCAGCTGGTGCGACGCCTGCACGCCATCGGCCAGGACCTGGCGGCCAACGGGCTCTACCCCGCGTACGCGCCCAGCGGCCACGAGGAGCCCGCCGAGCTGCGCGCCCCGGACGTGGCGCGGTGCAAGGAGACGCTTCTGCCGGACCTGTCCCGTATCTGCGACTCGGCCACCGCGGCGGCGAGTTGA,954,MSSLEARRTDRTDLPLPAAGDWEYGGYPYGLEPLTLPLASPGSSPAAHRRSDGSPPPWPGTWRTPSPEFPANAAVDLTDPLGVDRLFWFRWITGHQVTFVLWQLLASVLAESAEGPGGEARAAERARRYVRGYSLMLLYTSSCPRSVYDRLIRPHLALQHRHLSGAWARDYHPVRSLLRGRLPAGLDDAPLREECRLNHHVHEGIAAKLVPSGVSLLQQTNQHQEQRFLHRDRLSSLYDCVFLTVRAPASYEQVVTQLVRRLHAIGQDLAANGLYPAYAPSGHEEPAELRAPDVARCKETLLPDLSRICDSATAAAS,317,ANS62459.1,ANS62459.1 LmbB2 [Streptomyces lincolnensis],1.11.2.6,0,1,xenobiotic,aminoacid_F,Peroxygenase capable of defluorinating 3-fluoro-tyrosine,10.1007/s002030050578,NA
NA,NA,MSHRPIPQGADADPAWIAAHPQIQRVPSRDLTLFIRRNFLSPEECAGLIDRIEASRRPSTIADTNGDTGFRTSETCDLDRADHFIAAIDEKLAAFAGIDPVYGEPIQGQCYAVGQEFKAHTDYFEPCGIDFERYCAVAGNRTWTLMIYLNQPAAGGATRFVKIGKTVQPETGKLLAWNNRLEPGKYNGASLHHGMKVRSGVKHIITKWYRERRWA,215,A0A173KYN2,tr|A0A173KYN2|A0A173KYN2_9SPHN Procollagen-proline dioxygenase OS=Sphingobium sp. EP60837 OX=1855519 GN=EP837_02421 PE=4 SV=1,1.14.11.2,0,1,xenobiotic,aminoacid_F,dioxygenase capable of defluorinating 4-fluoroproline,https://www.uniprot.org/uniprotkb/A0A173KYN2/entry,NA
NA,NA,MSTPLIAGTGPSAVRQLISNAVQNDPVSGNFRCRRDIFTDAALFDYEMKYIFEQNWVFLAHESQVANPDDYLVSNIGRQPVIITRNKAGDVSAVINACSHRGAELCRRKQGNRSTFTCQFHGWTFSNTGKLLKVKDGQDDNYPEGFNVDGSHDLTRIPSFANYRGFLFGSMNPDACPIEEHLGGSKAILDQVIDQTPGELEVLRGSSSYIYDGNWKLQIENGADGYHVGSVHWNYVATIGRRDRTSDTIRTVDVTTWSKKNIGGTYTFEHGHMLLWTRLPNPEVRPVFARREELKARVGEEVADAIVNQTRNLCIYPNLYVMDQISTQIRVVRPISVDKTEVTIYCFAPRDESEEVRNARIRQYEDFFNVSGMGTPDDLEEFRACQSGYRGSAREWNDLSRGAPHWISGPDDNARRLGLAPLMSGARMEDEGLFVQQHTYWAETMLRGIEAEPKVFNVQPVEVAQ,465,Q51601,CBDA_BURCE,1.14.12.13,0,1,xenobiotic,aromatic_F,dioxygenase capable of defluorinating 2-fluorobenzoate,https://doi.org/10.1128/jb.174.1.279-290.1992,NA
NA,NA,MTSLESSYLDVVAFIFREARLLDDRSWDEWLECYDPEAVFWMPCWDDADTLVDDPRKHVSLIYYSDRMGLEDRVFRLRSERSGASTPEPRTTHNIANVEILERTERQIEARFNWHTMNYRYKLLDHYFGTSFYTLKVSSSGLSILNKKVVLKNDLIHQVIDVYHV,165,Q51602,CBDB_BURCE,1.14.12.13,0,1,xenobiotic,aromatic_F,dioxygenase capable of defluorinating 2-fluorobenzoate,https://doi.org/10.1128/jb.174.1.279-290.1992,NA
NA,NA,MTKYNEAYCDVLIVGAGPAGVMAAAHLLSYGTTARPHRVRIFDATKEVNGSDESTESLSTDVIADALNSGASGPEKDAASTTEDLPMLVTTLQVSDVLHDTGDDTKIAYRETATEQQVLLLADTTANTSSTMNPRSMCEAGCRFHQIYQGHCFPEYELDSERLRSVDGRAQVLEDEHETGQLRLERLGRPEELLELDEENSMSVVTNLKAAPYKFLMKDVDENFPGELSTSGGKTTSISADESAIDAALHAVWDADDLGAAWHLDEASGLRAVDWNAAQWFKSGQPWTPDAAKSLQEGRVFLAGDARHRHPPLTGIGKNTSIADCYNLTWKLLGVLLGVARADPARTYVAERVYIRMRAATDIAVDAEMESLAAKWITVQLTLSRSWISSAKEAERWDAVLRDSAMSASKPMWTTSDMRASFDAGLMGHGHAHDHVTPTIKEFASSSISRSISELASTSWWESRGWGNGGPFESLMEDARWTGAVESNCRYAAYDRDAPVLHEHVAWVTRFTSRARTAVLEAAVGQAHVVDCWDVGLVEPALDDLDSAGAGLHVAHHADQWPAQLDEAVWPRESLSDWRIVTDTSATGEGYQTSPREAPGDYADLNADNAKAHFNGQFAGHKAYGDAAAADGGGCHGRILVGPAVRGRHLHREIPLGEECQRAAQPLFKEV,671,Q01551,TBUD_RALPI,1.14.13.7,0,1,xenobiotic,aromatic_F,"monooxygenase capable of single defluorination of 2,3,5,6-tetrafluorophenol",https://doi.org/10.1016/S0021-9258(18)88928-1,NA
NA,NA,MTGDLNEFVAHFWPVRVVFGAGSTERIPAEVKRLGARRALVLCTPDQRDLAQRVLGDLGDLGAGFHDGAVMHVPEASVTRAAQAARDADADLLVAVGGGSTIGLAKALALHHGMRFVALPTTYAGSEMTPIWGLTADGAKRTGRDPRVLPSTVLYDPHHLTSLPPEVTGPSGMNAIAHAVESMYAPDRNPITMLLAEESIRAMAQGLPVAVDSPGDLDARTRTLYAAWLAGTVLGMVSMGLHHKLCHVLGGRFNLPHAPMHAVLLPHVAAFNEVAAPAELGRVAAALGAPGPGGAGAALHALLRFTCTERSLAAIGMPAQGIYDAAEHALADAYANPRQASREDIARLLRAAFTGEMPA,359,P94135,TFDF2_CUPPJ,1.3.1.32,0,1,primary_metabolism,othercarboxylate_F,reductase capable of defluorinating 2-fluoromalylacetate,https://doi.org/10.1128/jb.177.2.320-325.1995,NA
NA,NA,MDFNLTDIQQDFLKLAHDFGEKKLAPTVTERDHKGIYDKELIDELLSLGITGAYFEEKYGGSGDDGGDVLSYILAVEELAKYDAGVAITLSATVSLCANPIWQFGTEAQKEKFLVPLVEGTKLGAFGLTEPNAGTDASGQQTIATKNDDGTYTLNGSKIFITNGGAADIYIVFAMTDKSKGNHGITAFILEDGTPGFTYGKKEDKMGIHTSQTMELVFQDVKVPAENMLGEEGKGFKIAMMTLDGGRIGVAAQALGIAEAALADAVEYSKQRVQFGKPLCKFQSISFKLADMKMQIEAARNLVYKAACKKQEGKPFTVDAAIAKRVASDVAMRVTTEAVQIFGGYGYSEEYPVARHMRDAKITQIYEGTNEVQLMVTGGALLR,383,Q06319,ACDS_MEGEL,1.3.8.1,0,1,primary_metabolism,acylCoA_F,dehydrogenase capable of defluorinating 3-fluoropropionyl-CoA,https://doi.org/10.1021/bi00269a011,NA
NA,NA,MSPREIEVSEPREVGITELVLRDAHQSLMATRMAMEDMVGACADIDAAGYWSVECWGGATYDSCIRFLNEDPWERLRTFRKLMPNSRLQMLLRGQNLLGYRHYNDEVVDRFVDKSAENGMDVFRVFDAMNDPRNMAHAMAAVKKAGKHAQGTICYTISPVHTVEGYVKLAGQLLDMGADSIALKDMAALLKPQPAYDIIKAIKDTYGQKTQINLHCHSTTGVTEVSLMKAIEAGVDVVDTAISSMSLGPGHNPTESVAEMLEGTGYTTNLDYDRLHKIRDHFKAIRPKYKKFESKTLVDTSIFKSQIPGGMLSNMESQLRAQGAEDKMDEVMAEVPRVRKAAGFPPLVTPSSQIVGTQAVFNVMMGEYKRMTGEFADIMLGYYGASPADRDPKVVKLAEEQSGKKPITQRPADLLPPEWEKQSKEAATLKGFNGTDEDVLTYALFPQVAPVFFEHRAEGPHSVALTDAQLKAEAEGDEKSLAVAGPVTYNVNVGGTVREVTVQQA,505,Q70AC7,5S_PROFR,2.1.3.1,0,2,primary_metabolism,acylCoA_F,carboxytransferase capable of defluorinating 3-fluoropropionyl-CoA,https://doi.org/10.1016/S0021-9258(19)86289-0,NA
NA,NA,MKLKVTVNGTAYDVDVDVDKSHENPMGTILFGGGTGGAPAPRAAGGAGAGKAGEGEIPAPLAGTVSKILVKEGDTVKAGQTVLVLEAMKMETEINAPTDGKVEKVLVKERDAVQGGQGLIKIG,123,P02904,BCCP_PROFR,2.1.3.1,0,2,primary_metabolism,acylCoA_F,carboxytransferase capable of defluorinating 3-fluoropropionyl-CoA,https://doi.org/10.1016/S0021-9258(19)86289-0,NA
NA,NA,MAENNNLKLASTMEGRVEQLAEQRQVIEAGGGERRVEKQHSQGKQTARERLNNLLDPHSFDEVGAFRKHRTTLFGMDKAVVPADGVVTGRGTILGRPVHAASQDFTVMGGSAGETQSTKVVETMEQALLTGTPFLFFYDSGGARIQEGIDSLSGYGKMFFANVKLSGVVPQIAIIAGPCAGGASYSPALTDFIIMTKKAHMFITGPQVIKSVTGEDVTADELGGAEAHMAISGNIHFVAEDDDAAELIAKKLLSFLPQNNTEEASFVNPNNDVSPNTELRDIVPIDGKKGYDVRDVIAKIVDWGDYLEVKAGYATNLVTAFARVNGRSVGIVANQPSVMSGCLDINASDKAAEFVNFCDSFNIPLVQLVDVPGFLPGVQQEYGGIIRHGAKMLYAYSEATVPKITVVLRKAYGGSYLAMCNRDLGADAVYAWPSAEIAVMGAEGAANVIFRKEIKAADDPDAMRAEKIEEYQNAFNTPYVAAARGQVDDVIDPADTRRKIASALEMYATKRQTRPAKKHGNFPC,524,Q8GBW6,12S_PROFR,2.1.3.1,0,2,primary_metabolism,acylCoA_F,carboxytransferase capable of defluorinating 3-fluoropropionyl-CoA,https://doi.org/10.1016/S0021-9258(19)86289-0,NA
NA,NA,MKFGYFDDKNREYVIVTPRTPYPWINYLGTEDFFSIISHMAGGYCFYKDARLRRITRFRYNNVPTDAGGRYFYIREEDGDFWSPTWMPVRRDLSFFEARHGLGYTKIAGERNGLRATITFFVPRHFTGEVHHLVLQNRTERPRRIKLFSFIEFCLWNALDDMTNFQRNYSTGEVEIEGSVIYHKTEYRERRNHYAFYSVNHSIDGFDTDRESFMGLYNGFEAPQAVVEGNPRNSVASGWAPIASHYLELEIPPLGEKELIFILGYVENPEEEKWERPGVINKKRAKEMIERFKTGEDVERALKELKEYWDELLGRIQVETHDEKLNRMVNIWNQYQCMVTFNIARSASYFESGISRGIGFRDSNQDILGFVHMIPEKARQRILDLASIQFEDGSTYHQFQPLTKKGNNEIGGGFNDDPLWLILSTSAYIKETGDWSILNEEVPFDNDPDKKATLFEHLKRSFYFTVNNLGPHGLPLIGRADWNDCLNLNCFSKNPDESFQTTVNALDGRVAESVFIAGLFVLAGKEFVEICRRLGLEDEAKEAEKHVKKMIETTLEYGWDGEWFLRAYDAFGRKVGSKECEEGKIFIEPQGMCVMAGIGVENGYAKKALDSVKEHLDTPYGLVLQQPAYSRYYIELGEISSYPPGYKENAGIFCHNNPWVAIAETVIGRGDRAFEIYRKITPAYLEDISEIHRTEPYVYAQMVAGKDAPRHGEAKNSWLTGTAAWSFVAITQYILGVRPTYDGLMVDPCIPEDWDGFKITRRFRGATYEITVKNPHHVSKGVKEIIVDGKKIEGQVLPVFNDGKVHRVEVLMG,813,B9K7M6,CBPA_THENN,2.4.1.20,0,2,primary_metabolism,sugar_F,phosphorylase capable of defluorinating fluorinated sugars,https://pubmed.ncbi.nlm.nih.gov/11042119/,NA
NA,NA,MAPPHQFQSKPSDVIRRRLSSAVSSKRPNIPGYTSLTPMWAGIAGAVVNNNTQFEVAISIHDSVYNTDFASSVVPYSPNEPEAQAGIIEKHVLETLRKFSTEHMCKFLGAGVTVILLREAPNLCTRLWLDMDIVPIVFNIKPFHTDSITRPNVRHRISSTTGSYVPSGAETPTVYYDPAQLQDPNKLSANVQTRLPIPRTVDEQADSAARKCIMYFGPGNNPRLQIGPRNQVAVDAGGKIHLIDDIDEYRKTVGKGTWNSVIKLADELREKKIKIGFFSSTPQGGGVALMRHAIIRFFTALDVDAAWYVPNPSPSVFRTTKNNHNILQGVADPSLRLTKEAADNFDSWILKNGLRWTAEGGPLAPGGVDIAFIDDPQMPGLIPLIKRIRPDLPIIYRSHIEIRSDLVHVKGSPQEEVWNYLWNNIQHSDLFISHPVNKFVPSDVPLEKLALLGAATDWLDGLSKHLDAWDSQYYMGEFRNLCVKEKMNELGWPAREYIVQIARFDPSKGIPNVIDSYARFRKLCVDKVMEDDIPQLLLCGHGAVDDPDASIIYDQVLQLIHAKYKEYAPDIVVMRCPPSDQLLNTLMANAKFALQLSTREGFEVKVSEALHAGKPVIACRTGGIPLQIEHGKSGYLCEPGDNAAVAQHMLDLYTDEDLYDTMSEYARTHVSDEVGTVGNAAAWMYLAVMYVSRGVKLRPHGAWINDLMRTEMGEPYRPGEPRLPRGELHVQG,732,O75003,TREPH_GRIFR,2.4.1.231,0,2,primary_metabolism,sugar_F,phosphorylase capable of defluorinating fluorinated sugars,https://www.uniprot.org/uniprotkb/O75003/entry,NA
NA,NA,MKNKVQLITYADRLGDGTIKSMTDILRTRFDGVYDGVHILPFFTPFDGADAGFDPIDHTKVDERLGSWDDVAELSKTHNIMVDAIVNHMSWESKQFQDVLAKGEESEYYPMFLTMSSVFPNGATEEDLAGIYRPRPGLPFTHYKFAGKTRLVWVSFTPQQVDIDTDSDKGWEYLMSIFDQMAASHVSYIRLDAVGYGAKEAGTSCFMTPKTFKLISRLREEGVKRGLEILIEVHSYYKKQVEIASKVDRVYDFALPPLLLHALSTGHVEPVAHWTDIRPNNAVTVLDTHDGIGVIDIGSDQLDRSLKGLVPDEDVDNLVNTIHANTHGESQAATGAAASNLDLYQVNSTYYSALGCNDQHYIAARAVQFFLPGVPQVYYVGALAGKNDMELLRKTNNGRDINRHYYSTAEIDENLKRPVVKALNALAKFRNELDAFDGTFSYTTDDDTSISFTWRGETSQATLTFEPKRGLGVDNTTPVAMLEWEDSAGDHRSDDLIANPPVVA,504,A0ZZH6,SUCP_BIFAA,2.4.1.7,0,2,primary_metabolism,sugar_F,phosphorylase capable of defluorinating fluorinated sugars,https://doi.org/10.1007/s00253-003-1534-x,NA
NA,NA,MQSVAFMIDLSIKSLRGILMKQIKRLFQIDPWKIRTTHLDKENLRLQESLTSIGNGYMGMRGNFEEHYSGDHHQGTYLAGVWYPDKTRVGWWKNGYPEYFGKVINAINFIAMDLQIDGQTIDLATTPYEDFSLELDMQNGVLSRQFTIQTPKNKVRFSFERFLSLEKKEAAYIHLTIEMLEGTGTITLHSKLDGDVQNEDSNYEEHFWEEIAIETQETLGFVTTKTIPNNFEIERFTVTAGMRHFIDGASVVPTYTQQPLALTAELTVSLNEGETTAITKEVLVVTSRDVPETQQITRVNELFSEMTTLYPEAKAGQAAAWAKRWQLADVVIEGDDEAQQGIRFNLFQLFSTYYGEDDRLNIGPKGFTGEKYGGATYWDTEAYAVPLYLALAKPEVTKNLLKYRHNQLPQAIHNAQQQGLKGALYPMVTFTGVECHNEWEITFEEIHRNGAIAYAIYNYVNYTGDQDYLKDAGLEVLVAIARFWADRVHFSQRHKQYMIHGVTGPNEYENNINNNWYTNTIAAWVLRYTRESYLKFQEETTLKIADDELAKWADIVENMYFPVDNELGIFVQHDTFLDKDLMPVSDLPLSELPLNQHWSWDKILRSCFIKQADVLQGIYFFNDAFSLEEKRRNFNFYEPMTVHESSLSPSIHAVLAAELGMEEKAVEMYQRTARLDLDNYNNDTEDGLHITSMTGSWLAIVQGFAQMKTDHQQLKFAPFLPATWTAYSFHINYRNRLLFVEVAADQVAFTLLDGPAIPLTVYDQKYTLKDRLVLPIRKEEVHV,783,E6ENP7,MALPY_ENTFT,2.4.1.8,0,2,primary_metabolism,sugar_F,phosphorylase capable of defluorinating fluorinated sugars,https://doi.org/10.1111/mmi.12183,NA
NA,NA,MKLFYKPGACSLASHITLRESGKDFTLVSVDLMKKRLENGDDYFAVNPKGQVPALLLDDGTLLTEGVAIMQYLADSVPDRQLLAPVNSISRYKTIEWLNYIATELHKGFTPLFRPDTPEEYKPTVRAQLEKKLQYVNEALKDEHWICGQRFTIADAYLFTVLRWAYAVKLNLEGLEHIAAFMQRMAERPEVQDALSAEGLK,201,P0A9D2,GSTA_ECOLI,2.5.1.18,0,2,primary_metabolism,aromatic_F,"transferase capable of defluorinating 1-fluoro-2,4-dinitrobenzene",https://doi.org/10.1016/S0021-9258(18)31667-3,NA
NA,NA,MAANSTRRPIIAFMSDLGTTDDSVAQCKGLMYSICPDVTVVDVCHSMTPWDVEEGARYIVDLPRFFPEGTVFATTTYPATGTTTRSVAVRIKQAAKGGARGQWAGSGAGFERAEGSYIYIAPNNGLLTTVLEEHGYLEAYEVTSPKVIPEQPEPTFYSREMVAIPSAHLAAGFPLSEVGRPLEDHEIVRFNRPAVEQDGEALVGVVSAIDHPFGNVWTNIHRTDLEKAGIGYGARLRLTLDGVLPFEAPLTPTFADAGEIGNIAIYLNSRGYLSIARNAASLAYPYHLKEGMSARVEAR,299,Q70GK9,FLA_STRCT,2.5.1.63,0,2,primary_metabolism,nucleoside_F,capable of defluorinating 5'-deoxy-5'-fluoroadenosine (can catalyze rxn both ways),https://doi.org/10.1038/nature02280,NA
NA,NA,MNSNKELMQRRSQAIPRGVGQIHPIFADRAENCRVWDVEGREYLDFAGGIAVLNTGHLHPKVVAAVEAQLKKLSHTCFQVLAYEPYLELCEIMNQKVPGDFAKKTLLVTTGSEAVENAVKIARAATKRSGTIAFSGAYHGRTHYTLALTGKVNPYSAGMGLMPGHVYRALYPCPLHGISEDDAIASIHRIFKNDAAPEDIAAIVIEPVQGEGGFYASSPAFMQRLRALCDEHGIMLIADEVQSGAGRTGTLFAMEQMGVAPDLTTFAKSIAGGFPLAGVTGRAEVMDAVAPGGLGGTYAGNPIACVAALEVLKVFEQENLLQKANDLGQKLKDGLLAIAEKHPEIGDVRGLGAMIAIELFEDGDHNKPDAKLTAEIVARARDKGLILLSCGPYYNVLRILVPLTIEDAQIRQGLEIISQCFDEAKQ,426,P22256,GABT_ECOLI,2.6.1.19,0,2,primary_metabolism,aminoacid_F,transaminase capable of defluorinating 4-amino-3-fluorobutanoic acid,https://doi.org/10.1128/jb.172.12.7035-7042.1990,NA
NA,NA,MSIPADIASLISDKYKSAFDNGNLKFIQTETTKTKDPKTSMPYLISHMPSLIEKPERGQTPEGEDPLGKPEEELTVIPEFGGADNKAYKLLLNKFPVIPEHTLLVTNEYQHQTDALTPTDLLTAYKLLCALDNEESDKRHMVFYNSGPASGSSLDHKHLQILQMPEKFVTFQDRLCNGKEHFLPTFNTEPLQDAKVSFAHFVLPMPESEETVDEDLLAMCYISILQRALTFFQDWLNENPELKKSYNLMLTKEWICVVPRSKAFSDEMKIGFNSTGYCGMILTKNDEVFSKITEKPELINDILLECGFPNTSGQKPNEYNY,321,P16550,APA1_YEAST,2.7.7.5 ,0,2,primary_metabolism,nucleoside_F,transferase capable of defluorinating adenosine 5'-phosphofluoride,https://doi.org/10.1128/jb.171.12.6437-6445.1989,NA
NA,NA,MLTEGLSIDAKGGGRFGAHLQLPARGRGPVVMVAQEIFGVNPFMTEVLAWLASEGFVGLCPDLYWRHGPGIEFDPNDEVQRARALGMFRDYKLEDGVADLRATVAYAASQPFCDGGVAVIGYCLGGALAYEVAAEGFAQCCVGYYGVGFEKRLERARLVKTPSMFHMGTNDHFVTAEARQLITNAFEANPAIALHWYDAGHSFARASSPNFSPEATRTANARTLEMLKRMKPIGTIGQ,238,P27100,TCBE_PSESQ,3.1.1.45,0,3,primary_metabolism,othercarboxylate_F,carboxymethylenebutenolidase capable of defluorinating 4-fluoromuconolactone,https://doi.org/10.1128/jb.185.23.6790-6800.2003,NA
NA,NA,MQTRRVVLKSAAAAGTLLGGLAGCASVAGSIGTGDRINTVRGPITISEAGFTLTHEHICGSSAGFLRAWPEFFGSRKALAEKAVRGLRRARAAGVRTIVDVSTFDIGRDVSLLAEVSRAADVHIVAATGLWFDPPLSMRLRSVEELTQFFLREIQYGIEDTGIRAGIIKVATTGKATPFQELVLKAAARASLATGVPVTTHTAASQRDGEQQAAIFESEGLSPSRVCIGHSDDTDDLSYLTALAARGYLIGLDHIPHSAIGLEDNASASALLGIRSWQTRALLIKALIDQGYMKQILVSNDWLFGFSSYVTNIMDVMDRVNPDGMAFIPLRVIPFLREKGVPQETLAGITVTNPARFLSPTLRAS,365,P0A434,OPD_BREDI,3.1.8.1 ,0,3,primary_metabolism,organophosphate_F,aryldialkylphosphatase capable of defluorinating several compounds,https://doi.org/10.1128/jb.170.5.2306-2311.1988,NA
NA,NA,MLTTPPRRLAAPVPGAEGPIQDHDGRWFVVSSAGPILELLDGGGTREHARTDGGPAGMQVDADNRLWLIDSKLGVLRIDPDGSVEPVVTEQDGRPLKGCNDGALDDDGNLYFTVPDGSGLDARHGRVCCRLLDGTVRTVAEGFAFCNGLAVGPDNRTLIVAETMTRKLIAFDLPEPGVLANRRDFATLPGGNEIGADGIDFDAEGRLVVANYGEGELDVFDADGGLLDRVELPFGEVTNLHLGGPDGRDLILTEHETPGVWKTRWPVPGIRQSRACRPR,279,I0ICV4,I0ICV4_PHYMF,3.1.8.2,0,3,primary_metabolism,organophosphate_F,fluorophosphatase,https://www.ncbi.nlm.nih.gov/datasets/genome/GCF_000284115.1/,NA
NA,NA,MKLAACFLTLLPGFAVAASWTSPGFPAFSEQGTGTFVSHAQLPKGTRPLTLNFDQQCWQPADAIKLNQMLSLQPCSNTPPQWRLFRDGEYTLQIDTRSGTPTLMISIQNAAEPVASLVRECPKWDGLPLTVDVSATFPEGAAVRDYYSQQIAIVKNGQIMLQPAATSNGLLLLERAETDTSAPFDWHNATVYFVLTDRFENGDPSNDQSYGRHKDGMAEIGTFHGGDLRGLTNKLDYLQQLGVNALWISAPFEQIHGWVGGGTKGDFPHYAYHGYYTQDWTNLDANMGNEADLRTLVDSAHQRGIRILFDVVMNHTGYATLADMQEYQFGALYLSGDEVKKSLGERWSDWKPAAGQTWHSFNDYINFSDKTGWDKWWGKNWIRTDIGDYDNPGFDDLTMSLAFLPDIKTESTTASGLPVFYKNKMDTHAKAIDGYTPRDYLTHWLSQWVRDYGIDGFRVDTAKHVELPAWQQLKTEASAALREWKKANPDKALDDKPFWMTGEAWGHGVMQSDYYRHGFDAMINFDYQEQAAKAVDCLAQMDTTWQQMAEKLQGFNVLSYLSSHDTRLFREGGDKAAELLLLAPGAVQIFYGDESSRPFGPTGSDPLQGTRSDMNWQDVSGKSAASVAHWQKISQFRARHPAIGAGKQTTLLLKQGYGFVREHGDDKVLVVWAGQQ,676,P25718,AMY1_ECOLI,3.2.1.1,0,3,primary_metabolism,sugar_F,amylase capable of defluorinating maltosyl fluoride,https://doi.org/10.1016/S0021-9258(18)42743-3,NA
NA,NA,MKKTTEGAFYTREYRNLFKEFGYSEAEIQERVKDTWEQLFGDNPETKIYYEVGDDLGYLLDTGNLDVRTEGMSYGMMMAVQMDRKDIFDRIWNWTMKNMYMTEGVHAGYFAWSCQPDGTKNSWGPAPDGEEYFALALFFASHRWGDGDEQPFNYSEQARKLLHTCVHNGEGGPGHPMWNRDNKLIKFIPEVEFSDPSYHLPHFYELFSLWANEEDRVFWKEAAEASREYLKIACHPETGLAPEYAYYDGTPNDEKGYGHFFSDSYRVAANIGLDAEWFGGSEWSAEEINKIQAFFADKEPEDYRRYKIDGEPFEEKSLHPVGLIATNAMGSLASVDGPYAKANVDLFWNTPVRTGNRRYYDNCLYLFAMLALSGNFKIWFPEGQEEEH,388,Q9KB30,REOX_HALH5,3.2.1.156,0,3,primary_metabolism,sugar_F,xylanase capable of defluorinating xylobiosyl fluoride,https://doi.org/10.1093/nar/28.21.4317,NA
NA,NA,MLANAIAALLLGSGIASAAGHGSPLTSKAGHRAVIPDWDLKSSSDVSKDLGGLSKPGVDTSSWYHAGTSRCTIMGCLINAGVYNDEELWYSDNLNHVNWGQFSVPWVYRHEFALSPAKGKHFLLQTNGITSKADLFFNGKQIADKEYQSGAYAGRTYDITNLAAKKNALLVQVYPTDYLYDFALGYVDWNPYPSDNGSGIWRDITIKETGSVSMGPVSVLVDIDVPVEKNPARVTVRAEAQNLESHAVEFNAAAVISGNSCSGEALKQTIKLAPGEKKLVQFTQTIKTPSIWWPKQWGDQPLYTAEVTFSVKGAVSDTAQTKFGVRKVTSFVNQFNDTQYSVNGHPFQVIGGGYGADMFLRWDSERFTRIVEYMLDMHQNTIRLEGKMEHPELYEICDEYGLMVMPGWECCDKWEAWAYNDELAIFPPPVWDANDYETANYSMIHEAAMMQPHPSVLTFLVGSDFWPNDEAVVLYANALKNAGWQTPIIASASKRGFPALLGPGGMKMDGPYDWVPPNYWYDVEPSEDRLGAAFGFGSELGAGVGTPELSSLRRFLNQSDLDDLWKNPNKNLFHMSTNASSFYNRKIYNQGLWKRYGAPTSLDDYLLKAQMMDYEATRAQYEGFGALWTASRPATGVIYWMLNNAWPSLHWNQFDYYLHPAGSYFGTKVGSRIEHVAYNYQKKEIWVINHSLYQTGSRNIKVELIDMNGKQIAKKLVQVRTKANSGFKAMDISSDINKLSSVAFLRLVLSDEKGSVLSRNVYWVTKTIDELNWDESTWYYTPVSKFVDYTPLNTLATAQVSVTTSGGKHLPGIPGSQTRTVTLENKSSVPAVFIRLTLVDSKGNDVNPVSWSDNYVTLWPHEKLQLEVGGWDGSGDKIQISGKNIKATTVKL,892,Q4R1C4,EBDG_HYPJE,3.2.1.165,0,3,primary_metabolism,sugar_F,capable of defluorianting glucosaminyl fluoride,https://doi.org/10.1007/s00253-006-0320-y,NA
NA,NA,MKRKMLKRLLTSAFACMFIANGLITTTVRAVGPKTGEENQVLVPNLNPTPENLEVVGDGFKITSSINLVGEEEADENAVNALREFLTANNIEINSENDPNSTTLIIGEVDDDIPELDEALNGTTAENLKEEGYALVSNDGKIAIEGKDGDGTFYGVQTFKQLVKESNIPEVNITDYPTVSARGIVEGFYGTPWTHQDRLDQIKFYGENKLNTYIYAPKDDPYHREKWREPYPESEMQRMQELINASAENKVDFVFGISPGIDIRFDGDAGEEDFNHLITKAESLYDMGVRSFAIYWDDIQDKSAAKHAQVLNRFNEEFVKAKGDVKPLITVPTEYDTGAMVSNGQPRAYTRIFAETVDPSIEVMWTGPGVVTNEIPLSDAQLISGIYNRNMAVWWNYPVTDYFKGKLALGPMHGLDKGLNQYVDFFTVNPMEHAELSKISIHTAADYSWNMDNYDYDKAWNRAIDMLYGDLAEDMKVFANHSTRMDNKTWAKSGREDAPELRAKMDELWNKLSSKEDASALIEELYGEFARMEEACNNLKANLPEVALEECSRQLDELITLAQGDKASLDMIVAQLNEDTEAYESAKEIAQNKLNTALSSFAVISEKVAQSFIQEALSFDLTLINPRTVKITASSEETSGENAPASFASDGDMNTFWHSKWSSPAHEGPHHLTLELDNVYEINKVKYAPRQDSKNGRITGYKVSVSLDGENFTEVKTGTLEDNAAIKFIEFDSVDAKYVRLDVTDSVSDQANGRGKFATAAEVNVHGKLKENAEVTGSVSLEALEEVQVGENLEVGVGIDELVNAEAFAYDFTLNYDENAFEYVEAISDDGVFVNAKKIEDGKVRVLVSSLTGEPLPAKEVLAKVVLRAEAKAEGSNLSVTNSSVGDGEGLVHEIAGTEKTVNIIEGTSPEIVVNPVRDFKASEINKKNVTVTWTEPETTEGLEGYILYKDGKKVAEIGKDETSYTFKKLNRHTIYNFKIAAKYSNGEVSSKESLTLRTAR,1001,Q0TR53,OGA_CLOP1,3.2.1.169,0,3,primary_metabolism,sugar_F,capable of defluorinating fluorinated GlcNAc variant,10.1101/gr.5238106,NA
NA,NA,MIMNMKNIFYCLLPGLLLGACSNKVYEKTGDSVIVKVQHKETGGPRLVRLQVMGDKLIHVSATADSKFADPQSLIVVPQKKQTSFAVVQNGDTITVSTEEVKASVLASTGEVWFTDKNGELILQENKGGGKTFTPIEVEGTKGYTVCQVFESPEDEAFYGLGQHQADEFNYKGKNEELFQYNTKVSVPFVVSNKNYGILLDSYSFCRFGNPNDYSQLNRIFKLYDKTGQEGALTGTYVPKKGETLVRREDSIYFENLKTIENLPKKLPLMGAKVTYEGEIEPAQTGEFKFILYYAGYVKVYLNNEPVVPERWRTAWNPNSYKFAAHLEAGKRVPLKIEWQPDGGQSYCGLRALTPVNPEEQGKQSWWSEMTKQLDYYFMAGENMDDVISGYRSLTGKSPVMPKWAMGFWQSREKYNTQEEMLGALKGFRDRKIPLDNIVLDWNHWPENAWGSHEFDKARFPDPKAMVDSIHAMHARMMISVWPKFYVTTEHFKEFDENGWMYQQSVKDSLKDWVGPGYHYGFYDAYDPDARKLFWKQMYEHYYPLGIDAWWMDASEPNVRDCTDLEYRKALCGPTALGSSTEFFNAYALMNAEAIYDGQRGVDNNKRVFLLTRSGFAGLQRYSTATWSGDIGTRWEDMKAQISAGLNFAMSGIPYWTMDIGGFCVENRYVAGQKQWNATKTENADYKEWRELNTRWYQFGAFVPLYRAHGQYPFREIWEIAPEGHPAYQSVVYYTKLRYNMMPYIYSLAGMTWFDDYTIMRPLVMDFTADAEVNDIGDQFMFGPSFMVSPVYRYGDRSREIYFPQAEGWYDFYSGKFQAGGERKVIEAPYERIPLYVRAGAIIPFGDDIQYTDEKPAEHIRLYIYQGADGEFTLYEDEGVNYNYEQGMYAMIPMKYDEATKTLVIGERQGEFPGMLKERTFTVVTVNKEKAQPFDLNAKGVTVKYNGSEQTLKL,954,A7LXT0,GH31A_BACO1,3.2.1.177 ,0,3,primary_metabolism,sugar_F,xylohydrolase capable of defluorinating xylopyrasonyl fluoride,https://doi.org/10.1038/nature12907,NA
NA,NA,MMSAPKITFIGAGSTIFVKNILGDVFHREALKTAHIALMDIDPTRLEESHIVVRKLMDSAGASGKITCHTQQKEALEDADFVVVAFQIGGYEPCTVTDFEVCKRHGLEQTIADTLGPGGIMRALRTIPHLWQICEDMTEVCPDATMLNYVNPMAMNTWAMYARYPHIKQVGLCHSVQGTAEELARDLNIDPATLRYRCAGINHMAFYLELERKTADGSYVNLYPELLAAYEAGQAPKPNIHGNTRCQNIVRYEMFKKLGYFVTESSEHFAEYTPWFIKPGREDLIERYKVPLDEYPKRCVEQLANWHKELEEYKKASRIDIKPSREYASTIMNAIWTGEPSVIYGNVRNDGLIDNLPQGCCVEVACLVDANGIQPTKVGTLPSHLAALMQTNINVQTLLTEAILTENRDRVYHAAMMDPHTAAVLGIDEIYALVDDLIAAHGDWLPGWLHR,451,P06720,AGAL_ECOLI,3.2.1.22,0,3,primary_metabolism,sugar_F,galactosidase capable of defluorinating galactosyl fluoride,https://doi.org/10.1093/nar/15.5.2213,NA
NA,NA,MTMITDSLAVVLQRRDWENPGVTQLNRLAAHPPFASWRNSEEARTDRPSQQLRSLNGEWRFAWFPAPEAVPESWLECDLPEADTVVVPSNWQMHGYDAPIYTNVTYPITVNPPFVPTENPTGCYSLTFNVDESWLQEGQTRIIFDGVNSAFHLWCNGRWVGYGQDSRLPSEFDLSAFLRAGENRLAVMVLRWSDGSYLEDQDMWRMSGIFRDVSLLHKPTTQISDFHVATRFNDDFSRAVLEAEVQMCGELRDYLRVTVSLWQGETQVASGTAPFGGEIIDERGGYADRVTLRLNVENPKLWSAEIPNLYRAVVELHTADGTLIEAEACDVGFREVRIENGLLLLNGKPLLIRGVNRHEHHPLHGQVMDEQTMVQDILLMKQNNFNAVRCSHYPNHPLWYTLCDRYGLYVVDEANIETHGMVPMNRLTDDPRWLPAMSERVTRMVQRDRNHPSVIIWSLGNESGHGANHDALYRWIKSVDPSRPVQYEGGGADTTATDIICPMYARVDEDQPFPAVPKWSIKKWLSLPGETRPLILCEYAHAMGNSLGGFAKYWQAFRQYPRLQGGFVWDWVDQSLIKYDENGNPWSAYGGDFGDTPNDRQFCMNGLVFADRTPHPALTEAKHQQQFFQFRLSGQTIEVTSEYLFRHSDNELLHWMVALDGKPLASGEVPLDVAPQGKQLIELPELPQPESAGQLWLTVRVVQPNATAWSEAGHISAWQQWRLAENLSVTLPAASHAIPHLTTSEMDFCIELGNKRWQFNRQSGFLSQMWIGDKKQLLTPLRDQFTRAPLDNDIGVSEATRIDPNAWVERWKAAGHYQAEAALLQCTADTLADAVLITTAHAWQHQGKTLFISRKTYRIDGSGQMAITVDVEVASDTPHPARIGLNCQLAQVAERVNWLGLGPQENYPDRLTAACFDRWDLPLSDMYTPYVFPSENGLRCGTRELNYGPHQWRGDFQFNISRYSQQQLMETSHRHLLHAEEGTWLNIDGFHMGIGGDDSWSPSVSAEFQLSAGRYHYQLVWCQK,1024,P00722,BGAL_ECOLI,3.2.1.23,0,3,primary_metabolism,sugar_F,galactosidase capable of defluorinating galactosyl fluoride,https://doi.org/10.1002/j.1460-2075.1983.tb01468.x,NA
NA,NA,MNRSLLLRLSDTGEPITSCSYGKGVLTLPPIPLPKDAPKDQPLYTVKLLVSAGSPVARDGLVWTNCPPDHNTPFKRDKFYKKIIHSSFHEDDCIDLNVYAPGSYCFYLSFRNDNEKLETTRKYYFVALPMLYINDQFLPLNSIALQSVVSKWLGSDWEPILSKIAAKNYNMVHFTPLQERGESNSPYSIYDQLQFDQEHFKSPEDVKNLVEHIHRDLNMLSLTDIVFNHTANNSPWLVEHPEAGYNHITAPHLISAIELDQELLNFSRNLKSWGYPTELKNIEDLFKIMDGIKVHVLGSLKLWEYYAVNVQTALRDIKAHWNDESNESYSFPENIKDISSDFVKLASFVKDNVTEPNFGTLGERNSNRINVPKFIQLLKLINDGGSDDSESSLATAQNILNEVNLPLYREYDDDVSEILEQLFNRIKYLRLDDGGPKQGPVTVDVPLTEPYFTRFKGKDGTDYALANNGWIWNGNPLVDFASQNSRAYLRREVIVWGDCVKLRYGKSPEDSPYLWERMSKYIEMNAKIFDGFRIDNCHSTPIHVGEYFLDLARKYNPNLYVVAELFSGSETLDCLFVERLGISSLIREAMQAWSEEELSRLVHKHGGRPIGSYKFVPMDDFSYPADINLNEEHCFNDSNDNSIRCVSEIMIPKILTATPPHALFMDCTHDNETPFEKRTVEDTLPNAALVALCSSAIGSVYGYDEIFPHLLNLVTEKRHYDISTPTGSPSIGITKVKATLNSIRTSIGEKAYDIEDSEMHVHHQGQYITFHRMDVKSGKGWYLIARMKFSDNDDPNETLPPVVLNQSTCSLRFSYALERVGDEIPNDDKFIKGIPTKLKELEGFDISYDDSKKISTIKLPNEFPQGSIAIFETQQNGVDESLDHFIRSGALKATSSLTLESINSVLYRSEPEEYDVSAGEGGAYIIPNFGKPVYCGLQGWVSVLRKIVFYNDLAHPLSANLRNGHWALDYTISRLNYYSDEAGINEVQNWLRSRFDRVKKLPSYLVPSYFALIIGILYGCCRLKAIQLMSRNIGKSTLFVQSLSMTSIQMVSRMKSTSILPGENVPSMAAGLPHFSVNYMRCWGRDVFISLRGMLLTTGRFDEAKAHILAFAKTLKHGLIPNLLDAGRNPRYNARDAAWFFLQAVQDYVYIVPDGEKILQEQVTRRFPLDDTYIPVDDPRAFSYSSTLEEIIYEILSRHAKGIKFREANAGPNLDRVMTDKGFNVEIHVDWSTGLIHGGSQYNCGTWMDKMGESEKAGSVGIPGTPRDGAAIEINGLLKSALRFVIELKNKGLFKFSDVETQDGGRIDFTEWNQLLQDNFEKRYYVPEDPSQDADYDVSAKLGVNRRGIYRDLYKSGKPYEDYQLRPNFAIAMTVAPELFVPEHAIKAITIADEVLRGPVGMRTLDPSDYNYRPYYNNGEDSDDFATSKGRNYHQGPEWVWLYGYFLRAFHHFHFKTSPRCQNAAKEKPSSYLYQQLYYRLKGHRKWIFESVWAGLTELTNKDGEVCNDSSPTQAWSSACLLDLFYDLWDAYEDDS,1536,Q06625,GDE_YEAST,3.2.1.33,0,3,primary_metabolism,sugar_F,glucosidase capable of defluorinating glucosyl fluoride,https://doi.org/10.1006/prep.2000.1252,NA
NA,NA,MRKTTLFLAVTFATSNAQGRALRSSSPATYGTTDGSDYILKTGYLIGNGKLGVIPFGPPDTEKLNLNVDSLWSGGPFEVENYTGGNPSSPIYDALPGIRERIFENGTGGMEELLGSGNHYGSSRVLGNITIALDGVEAYSKYKRTLDLSDGVHRTSFTIANRTTAALKSSIFCSYPDQVCVYHLESASDARLPKVTISIENLLVNQSLLQTSCESEAKRAVLRHSGVTQAGPPEGMKYAAVAEVVNPRSSVTTCLGEGALQISSRKKQLTIIIGAATNYDQKAGNAKSGWSFKNAKDPASIVDGIASAAGWKGYQRLLDRHVKDYKKLMGDFSLELPDTTDSASKDTSELIEKYSYASATGNPYLENLLLDYARHLLVSSSRPNSLPANLQGRWTESLTPSWSADYHANINLQMNYWLADQTGLGETQHALWNYMADTWVPRGTETARLLYNASGWVVHNEINIFGFTAMKEDAGWANYPAAAAWMMQHVWDNFDYTHDTAWLVSQGYALLKGIASFWLSSLQEDKFFNDGSLVVNPCNSPETGPTTFGCTHYQQLIHQVFETVLAAQEYIHESDTKFVDSVASALERLDTGLHLSSWGGLKEWKLPDSYGYDNMSTHRHLSHLAGWYPGYSISSFAHGYRNKTIQDAVKETLTARGMGNAADANAGWAKVWRAACWARLNDSSMAYDELRYAIDENFVGNGLSMYWGASPPFQIDANFGFAGAVLSMLVVDLPTPRSDPGQRTVVLGPAIPSAWGGGRAKGLRLRGGAKVDFGWDKRGVVNWVNIVKRGKGTSRVKLVNKEGDILAEM,809,Q5AU81,AFCA_EMENI,3.2.1.51,0,3,primary_metabolism,sugar_F,fucosidase capable of defluorinating fluorinated sugars,https://doi.org/10.1073/pnas.0604632103,NA
NA,NA,MSYRVKRMLMLLVTGLFLSLSTFAASASAQTGGSFYEPFNNYNTGLWQKADGYSNGNMFNCTWRANNVSMTSLGEMRLSLTSPSYNKFDCGENRSVQTYGYGLYEVNMKPAKNVGIVSSFFTYTGPTDGTPWDEIDIEFLGKDTTKVQFNYYTNGVGNHEKIVNLGFDAANSYHTYAFDWQPNSIKWYVDGQLKHTATTQIPQTPGKIMMNLWNGAGVDEWLGSYNGVTPLSRSLHWVRYTKR,243,P27051,GUB_BACLI,3.2.1.73,0,3,primary_metabolism,polysaccharide_F,licheninase capable of defluorinating fluorinated glucans,https://doi.org/10.1111/j.1432-1033.1991.tb15916.x,NA
NA,NA,MRPLRPRAALLALLASLLAAPPVAPAEAPHLVHVDAARALWPLRRFWRSTGFCPPLPHSQADQYVLSWDQQLNLAYVGAVPHRGIKQVRTHWLLELVTTRGSTGRGLSYNFTHLDGYLDLLRENQLLPGFELMGSASGHFTDFEDKQQVFEWKDLVSSLARRYIGRYGLAHVSKWNFETWNEPDHHDFDNVSMTMQGFLNYYDACSEGLRAASPALRLGGPGDSFHTPPRSPLSWGLLRHCHDGTNFFTGEAGVRLDYISLHRKGARSSISILEQEKVVAQQIRQLFPKFADTPIYNDEADPLVGWSLPQPWRADVTYAAMVVKVIAQHQNLLLANTTSAFPYALLSNDNAFLSYHPHPFAQRTLTARFQVNNTRPPHVQLLRKPVLTAMGLLALLDEEQLWAEVSQAGTVLDSNHTVGVLASAHRPQGPADAWRAAVLIYASDDTRAHPNRSVAVTLRLRGVPPGPGLVYVTRYLDNGLCSPDGEWRRLGRPVFPTAEQFRRMRAAEDPVAAAPRPLPAGGRLTLRPALRLPSLLLVHVCARPEKPPGQVTRLRALPLTQGQLVLVWSDEHVGSKCLWTYEIQFSQDGKAYTPVSRKPSTFNLFVFSPDTGAVSGSYRVRALDYWARPGPFSDPVPYLEVPVPRGPPSPGNP,653,P35475,IDUA_HUMAN,3.2.1.76,0,3,primary_metabolism,polysaccharide_F,iduronidase capable of defluorinating fluorinated iduron,https://doi.org/10.1073/pnas.88.21.9695,NA
NA,NA,MNFRRMLCAAIVLTIVLSIMLPSTVFALEDKSSKLPDYKNDLLYERTFDEGLCFPWHTCEDSGGKCDFAVVDVPGEPGNKAFRLTVIDKGQNKWSVQMRHRGITLEQGHTYTVRFTIWSDKSCRVYAKIGQMGEPYTEYWNNNWNPFNLTPGQKLTVEQNFTMNYPTDDTCEFTFHLGGELAAGTPYYVYLDDVSLYDPRFVKPVEYVLPQPDVRVNQVGYLPFAKKYATVVSSSTSPLKWQLLNSANQVVLEGNTIPKGLDKDSQDYVHWIDFSNFKTEGKGYYFKLPTVNSDTNYSHPFDISADIYSKMKFDALAFFYHKRSGIPIEMPYAGGEQWTRPAGHIGIEPNKGDTNVPTWPQDDEYAGRPQKYYTKDVTGGWYDAGDHGKYVVNGGIAVWTLMNMYERAKIRGIANQGAYKDGGMNIPERNNGYPDILDEARWEIEFFKKMQVTEKEDPSIAGMVHHKIHDFRWTALGMLPHEDPQPRYLRPVSTAATLNFAATLAQSARLWKDYDPTFAADCLEKAEIAWQAALKHPDIYAEYTPGSGGPGGGPYNDDYVGDEFYWAACELYVTTGKDEYKNYLMNSPHYLEMPAKMGENGGANGEDNGLWGCFTWGTTQGLGTITLALVENGLPATDIQKARNNIAKAADRWLENIEEQGYRLPIKQAEDERGGYPWGSNSFILNQMIVMGYAYDFTGNSKYLDGMQDGMSYLLGRNGLDQSYVTGYGERPLQNPHDRFWTPQTSKKFPAPPPGIIAGGPNSRFEDPTITAAVKKDTPPQKCYIDHTDSWSTNEITVNWNAPFAWVTAYLDEIDLITPPGGVDPEEPEVIYGDCNGDGKVNSTDAVALKRYILRSGISINTDNADVNADGRVNSTDLAILKRYILKEIDVLPHK,895,P0C2S1,CELK_ACETH,3.2.1.91,0,3,primary_metabolism,polysaccharide_F,capable of defluorinating cellobiosyl fluoride,https://doi.org/10.1128/jb.181.17.5288-5295.1999,NA
NA,NA,MSFRFGQHLIKPSVVFLKTELSFALVNRKPVVPGHVLVCPLRPVERFHDLRPDEVADLFQTTQRVGTVVEKHFHGTSLTFSMQDGPEAGQTVKHVHVHVLPRKAGDFHRNDSIYEELQKHDKEDFPASWRSEEEMAAEAAALRVYFQ,147,P49789,FHIT_HUMAN,3.6.1.29 ,0,3,primary_metabolism,organophosphate_F,triphosphatase capable of defluorinating adenylylfluoride,https://doi.org/10.1016/S0092-8674(00)81034-X,NA
NA,NA,MQTLSIQHGTLVTMDQYRRVLGDSWVHVQDGRIVALGVHAESVPPPADRVIDARGKVVLPGFINAHTHVNQILLRGGPSHGRQFYDWLFNVVYPGQKAMRPEDVAVAVRLYCAEAVRSGITTINENADSAIYPGNIEAAMAVYGEVGVRVVYARMFFDRMDGRIQGYVDALKARSPQVELCSIMEETAVAKDRITALSDQYHGTAGGRISVWPAPATTTAVTVEGMRWAQAFARDRAVMWTLHMAESDHDERIHGMSPAEYMECYGLLDERLQVAHCVYFDRKDVRLLHRHNVKVASQVVSNAYLGSGVAPVPEMVERGMAVGIGTDNGNSNDSVNMIGDMKFMAHIHRAVHRDADVLTPEKILEMATIDGARSLGMDHEIGSIETGKRADLILLDLRHPQTTPHHHLAATIVFQAYGNEVDTVLIDGNVVMENRRLSFLPPERELAFLEEAQSRATAILQRANMVANPAWRSL,474,P72156,ATZA_PSESD,3.8.1.8,0,3,primary_metabolism,aromatic_F,chlorohydrolase capable of defluorinating fluoroatrazine,https://doi.org/10.1128/aem.61.9.3373-3378.1995,NA
NA,NA,MVAQQQGKFTVGDYLAERLAQVGVRHHFVVPGDYNLILLDKLQAHPDLKEVGCANELNCSLAAEGYARANGISACVVTYSVGALSAFNGTGSAYAENLPLVLISGSPNTNDPSQYHILHHTLGHPDYTYQYEMAKKITCCAVAIPRAIDAPRLIDRALRAAILARKPCYIEIPTNLAGATCVRPGPISAITDPITSDKSALEAAAKCAAEYLDGKLKPVILVGPKAGRAGSEKELIEFAEAMGCAVALQPAAKGMFPEDHKQFVGIFWGQVSSDAADAMVHWADAMICVGAVFNDYSTVGWTAVPNIPLMTVDMDHVTFPGAHFSRVRMCEFLSHLATQVTFNDSTMIEYKRLKPDPPHVHTAEREEPLSRKEISRQVQEMLTDKTSLFVDTGDSWFNGIQLKLPPGAKFEIEMQWGHIGWSIPAAFGYALRHPDRHTIVLVGDGSFQVTAQEVSQMVRFKVPITIMLINNRGYTIEVEIHDGSYNKIKNWDYAMLVEAFNSTDGHAKGLLANTAGELADAIKVAESHKEGPTLIECTIDQDDCSKELITWGHYVAAANARPPRNMSVQE,570,P33287,PDC_NEUCR,4.1.1.1,0,4,primary_metabolism,othercarboxylate_F,pyruvate decarboxylase capable of defluorinating fluoropyruvate,https://doi.org/10.1016/0378-1119(93)90427-5,NA
NA,NA,MPNHQNMLDNQTILITGGTGSFGKCFVRKVLDTTNAKKIIVYSRDELKQSEMAMEFNDPRMRFFIGDVRDLERLNYALEGVDICIHAAALKHVPIAEYNPLECIKTNIMGASNVINACLKNAISQVIALSTDKAANPINLYGATKLCSDKLFVSANNFKGSSQTQFSVVRYGNVVGSRGSVVPFFKKLVQNKASEIPITDIRMTRFWITLDEGVSFVLKSLKRMHGGEIFVPKIPSMKMTDLAKALAPNTPTKIIGIRPGEKLHEVMIPKDESHLALEFEDFFIIQPTISFQTPKDYTLTKLHEKGQKVAPDFEYSSHNNNQWLEPDDLLKLL,333,O25511,PSEB_HELPY,4.2.1.115,0,4,primary_metabolism,sugar_F,dehydratase capable of defluorinating fluorinated GlcNAc variant,https://doi.org/10.1074/jbc.M006369200,NA
NA,NA,MRKILITGGAGFIGSALVRYIINETSDAVVVVDKLTYAGNLMSLAPVAQSERFAFEKVDICDRAELARVFTEHQPDCVMHLAAESHVDRSIDGPAAFIETNIVGTYTLLEAARAYWNALTEDKKSAFRFHHISTDEVYGDLHSTDDFFTETTPYAPSSPYSASKASSDHLVRAWLRTYGLPTLITNCSNNYGPYHFPEKLIPLMILNALAGKSLPVYGNGQQIRDWLYVEDHARALYCVATTGKVGETYNIGGHNERKNLDVVETICELLEELAPNKPHGVAHYRDLITFVADRPGHDLRYAIDASKIARELGWLPQETFESGMRKTVQWYLANESWWKQVQDGSYQGERLGLKG,355,P27830,RMLB2_ECOLI,4.2.1.46,0,4,primary_metabolism,nucleoside_F,capable of defluorinating dTDP-6-fluoro-6-deoxyglucose,https://doi.org/10.1126/science.1379743,NA
NA,NA,MPDSGSLGPPTSLPEQPPAPPATAPDAPAATVTDRPVTSSVAHFLAGLHPPVTRPSSPPSPSMPPASSNPSSPPSSSMPPASWAPPSPLSPPAPSLPPTSPPATAPETSAATGSDSVVRRVPVGPTGLGTTALSLARRQAAVPPDAVPAPSGPSAEGPVVPGLYHHPIPEPDPVRVAEVSRRIKRWAEDEVRLYPEEWEGQFDGFSVGRYMVACHPDAPTVDHLMLATRLMVAENAVDDCYCEDHGGSPVGLGGRLLLAHTALDHLHTTAEYAPEWSESLGSDAPRRAYRSAMDHFVRAATPSQADRYRHDMARLHLGYLAEAAWAETGHVPEVCEYLAMRQFNNFRPCPTITDTVGGYELPADLHARPDMQRVIALAGNATTIVNDLYSYTKELDSPGRHLNLPVVIAEREHLSDRDAYLKAVEVHNELMHAFEAAAAELAADCPVPAVLRFLRGVAAWVDGNHDWHRTNTYRYSLPDFW,481,D3KYU2,MIBS_STRLS,4.2.3.118,0,4,primary_metabolism,organophosphate_F,synthase capable of defluorinating 2-fluorolinalyl diphosphate,https://doi.org/10.1073/pnas.0802312105,NA
NA,NA,MQFSKMHGLGNDFMVVDAVTQNVFFSPELIRRLADRHLGVGFDQLLVVEPPYDPELDFHYRIFNADGSEVAQCGNGARCFARFVRLKGLTNKRDIRVSTANGRMVLTVTDDDLVRVNMGEPNFEPSAVPFRANKAEKTYIMRAAEQTILCGVVSMGNPHCVIQVDDVDTAAVETLGPVLESHERFPERANIGFMQVVKREHIRLRVYERGAGETQACGSGACAAVAVGIQQGLLAEEVRVELPGGRLDIAWKGPGHPLYMTGPAVHVYDGFIHL,274,P0A6K1,DAPF_ECOLI,5.1.1.7,0,5,primary_metabolism,aminoacid_F,"epimerase capable of defluorinating 3-fluoro-2,6-diaminopimelic acid",https://doi.org/10.1093/nar/16.21.10367,NA
NA,NA,MAGPLSGLRVVELAGIGPGPHAAMILGDLGADVVRIDRPSSVDGISRDAMLRNRRIVTADLKSDQGLELALKLIAKADVLIEGYRPGVTERLGLGPEECAKVNDRLIYARMTGWGQTGPRSQQAGHDINYISLNGILHAIGRGDERPVPPLNLVGDFGGGSMFLLVGILAALWERQSSGKGQVVDAAMVDGSSVLIQMMWAMRATGMWTDTRGANMLDGGAPYYDTYECADGRYVAVGAIEPQFYAAMLAGLGLDAAELPPQNDRARWPELRALLTEAFASHDRDHWGAVFANSDACVTPVLAFGEVHNEPHIIERNTFYEANGGWQPMPAPRFSRTASSQPRPPAATIDIEAVLTDWDG,360,O06543,AMACR_MYCTU,5.1.99.4,0,5,primary_metabolism,acylCoA_F,racemase capable of defluorinating 3-fluoro-2-methyldecanoyl-CoA,https://doi.org/10.1107/S0907444902020735,NA
