prot,accession,id,ec_class_fourth,ec_class_first,major_substrate_class,substrate_details,reference
MSSLEARRTDRTDLPLPAAGDWEYGGYPYGLEPLTLPLASPGSSPAAHRRSDGSPPPWPGTWRTPSPEFPANAAVDLTDPLGVDRLFWFRWITGHQVTFVLWQLLASVLAESAEGPGGEARAAERARRYVRGYSLMLLYTSSCPRSVYDRLIRPHLALQHRHLSGAWARDYHPVRSLLRGRLPAGLDDAPLREECRLNHHVHEGIAAKLVPSGVSLLQQTNQHQEQRFLHRDRLSSLYDCVFLTVRAPASYEQVVTQLVRRLHAIGQDLAANGLYPAYAPSGHEEPAELRAPDVARCKETLLPDLSRICDSATAAAS,ANS62459.1,ANS62459.1 LmbB2 [Streptomyces lincolnensis],1.11.2.6,1,aminoacid_F,Peroxygenase capable of defluorinating 3-fluoro-tyrosine,10.1007/s002030050578
MSHRPIPQGADADPAWIAAHPQIQRVPSRDLTLFIRRNFLSPEECAGLIDRIEASRRPSTIADTNGDTGFRTSETCDLDRADHFIAAIDEKLAAFAGIDPVYGEPIQGQCYAVGQEFKAHTDYFEPCGIDFERYCAVAGNRTWTLMIYLNQPAAGGATRFVKIGKTVQPETGKLLAWNNRLEPGKYNGASLHHGMKVRSGVKHIITKWYRERRWA,A0A173KYN2,tr|A0A173KYN2|A0A173KYN2_9SPHN Procollagen-proline dioxygenase OS=Sphingobium sp. EP60837 OX=1855519 GN=EP837_02421 PE=4 SV=1,1.14.11.2,1,aminoacid_F,dioxygenase capable of defluorinating 4-fluoroproline,https://www.uniprot.org/uniprotkb/A0A173KYN2/entry
MSIQRLGYLGFEVADVRSWRTFATTRLGMMEASASETEATFRIDSRAWRLSVSRGPADDYLFAGFEVDSEQGLQEVKESLQAHGVTVKVEGGELIAKRGVLGLISCTDPFGNRVEIYYGATELFERPFASPTGVSGFQTGDQGLGHYVLSVADVDAALAFYTKALGFQLADVIDWTIGDGLSVTLYFLYCNGRHHSFAFAKLPGSKRLHHFMLQANGMDDVGLAYDKFDAERAVVMSLGRHTNDHMISFYGATPSGFAVEYGWGAREVTRHWSVVRYDRISIWGHKFQAPA,P13453,"TODE_PSEP1 3-methylcatechol 2,3-dioxygenase OS=Pseudomonas putida",1.14.12.11,1,aromatic_F,"Defluorination of 2,2-Difluoro-1,3-Benzodioxole",10.1128/mBio.03001-21
MSTPLIAGTGPSAVRQLISNAVQNDPVSGNFRCRRDIFTDAALFDYEMKYIFEQNWVFLAHESQVANPDDYLVSNIGRQPVIITRNKAGDVSAVINACSHRGAELCRRKQGNRSTFTCQFHGWTFSNTGKLLKVKDGQDDNYPEGFNVDGSHDLTRIPSFANYRGFLFGSMNPDACPIEEHLGGSKAILDQVIDQTPGELEVLRGSSSYIYDGNWKLQIENGADGYHVGSVHWNYVATIGRRDRTSDTIRTVDVTTWSKKNIGGTYTFEHGHMLLWTRLPNPEVRPVFARREELKARVGEEVADAIVNQTRNLCIYPNLYVMDQISTQIRVVRPISVDKTEVTIYCFAPRDESEEVRNARIRQYEDFFNVSGMGTPDDLEEFRACQSGYRGSAREWNDLSRGAPHWISGPDDNARRLGLAPLMSGARMEDEGLFVQQHTYWAETMLRGIEAEPKVFNVQPVEVAQ,Q51601,CBDA_BURCE,1.14.12.13,1,aromatic_F,dioxygenase capable of defluorinating 2-fluorobenzoate,https://doi.org/10.1128/jb.174.1.279-290.1992
MTSLESSYLDVVAFIFREARLLDDRSWDEWLECYDPEAVFWMPCWDDADTLVDDPRKHVSLIYYSDRMGLEDRVFRLRSERSGASTPEPRTTHNIANVEILERTERQIEARFNWHTMNYRYKLLDHYFGTSFYTLKVSSSGLSILNKKVVLKNDLIHQVIDVYHV,Q51602,CBDB_BURCE,1.14.12.13,1,aromatic_F,dioxygenase capable of defluorinating 2-fluorobenzoate,https://doi.org/10.1128/jb.174.1.279-290.1992
MTKYNEAYCDVLIVGAGPAGVMAAAHLLSYGTTARPHRVRIFDATKEVNGSDESTESLSTDVIADALNSGASGPEKDAASTTEDLPMLVTTLQVSDVLHDTGDDTKIAYRETATEQQVLLLADTTANTSSTMNPRSMCEAGCRFHQIYQGHCFPEYELDSERLRSVDGRAQVLEDEHETGQLRLERLGRPEELLELDEENSMSVVTNLKAAPYKFLMKDVDENFPGELSTSGGKTTSISADESAIDAALHAVWDADDLGAAWHLDEASGLRAVDWNAAQWFKSGQPWTPDAAKSLQEGRVFLAGDARHRHPPLTGIGKNTSIADCYNLTWKLLGVLLGVARADPARTYVAERVYIRMRAATDIAVDAEMESLAAKWITVQLTLSRSWISSAKEAERWDAVLRDSAMSASKPMWTTSDMRASFDAGLMGHGHAHDHVTPTIKEFASSSISRSISELASTSWWESRGWGNGGPFESLMEDARWTGAVESNCRYAAYDRDAPVLHEHVAWVTRFTSRARTAVLEAAVGQAHVVDCWDVGLVEPALDDLDSAGAGLHVAHHADQWPAQLDEAVWPRESLSDWRIVTDTSATGEGYQTSPREAPGDYADLNADNAKAHFNGQFAGHKAYGDAAAADGGGCHGRILVGPAVRGRHLHREIPLGEECQRAAQPLFKEV,Q01551,TBUD_RALPI,1.14.13.7,1,aromatic_F,"monooxygenase capable of single defluorination of 2,3,5,6-tetrafluorophenol",https://doi.org/10.1016/S0021-9258(18)88928-1
MALSQSVPFSATELLLASAIFCLVFWVLKGLRPRVPKGLKSPPEPWGWPLLGHVLTLGKNPHLALSRMSQRYGDVLQIRIGSTPVLVLSRLDTIRQALVRQGDDFKGRPDLYTSTLITDGQSLTFSTDSGPVWAARRRLAQNALNTFSIASDPASSSSCYLEEHVSKEAKALISRLQELMAGPGHFDPYNQVVVSVANVIGAMCFGQHFPESSDEMLSLVKNTHEFVETASSGNPLDFFPILRYLPNPALQRFKAFNQRFLWFLQKTVQEHYQDFDKNSVRDITGALFKHSKKGPRASGNLIPQEKIVNLVNDIFGAGFDTVTTAISWSLMYLVTKPEIQRKIQKELDTVIGRERRPRLSDRPQLPYLEAFILETFRHSSFLPFTIPHSTTRDTTLNGFYIPKKCCVFVNQWQVNHDPELWEDPSEFRPERFLTADGTAINKPLSEKMMLFGMGKRRCIGEVLAKWEIFLFLAILLQQLEFSVPPGVKVDLTPIYGLTMKHARCEHVQARLRFSIN,P05177,CP1A2_HUMAN,1.14.14.1,1,aromatic_F,oxidative defluorination of aromatic compounds,https://doi.org/10.1002/anie.202310785
MSSGLVPRGSHMASMDVFWFLPTHGDGHYLGTTQGARPVTLNYLKQVAQAADSLGYHGVLIPTGRSCEDSWVIASALVPLTERLRYLVAIRPGIISPTVSARMAATLDRLSNGRLLINVVTGGDPDENRGDGSFLSHSERYEVTDEFLKIWRRVLQGEAVDFEGKHLKVQNAKALYPPVQKPYPPLYFGGSSDAAHDLAAEQVDVYLTWGEPPAAVAEKLADVRERAARHGRKVKFGIRLHVIVRETAEEAWKAADKLIEHISDETIEAAQKSFSRFDSEGQRRMAALHDGRRDNLEIAPNLWAGVGLVRGGSGTALVGDPQQVAARIKEYADLGIESFIFSGYPHLEEAYRFAELVFPLLPEPYASLAGRGVTNLTGPFGEMIANDVLPAKANA,7JV3,7JV3_1|Alkanesulfonate monooxygenase|Pseudomonas fluorescens (205922,1.14.14.5,1,perfluoroalkenoate_F,Alkanesulfonate monooxygenase,10.1016/j.jbc.2021.100823
MTTETIQSNANLAPLPPHVPEHLVFDFDMYNPSNLSAGVQEAWAVLQESNVPDLVWTRCNGGHWIATRGQLIREAYEDYRHFSSECPFIPREAGEAYDFIPTSMDPPEQRQFRALANQVVGMPVVDKLENRIQELACSLIESLRPQGQCNFTEDYAEPFPIRIFMLLAGLPEEDIPHLKYLTDQMTRPDGSMTFAEAKEALYDYLIPIIEQRRQKPGTDAISIVANGQVNGRPITSDEAKRMCGLLLVGGLDTVVNFLSFSMEFLAKSPEHRQELIERPERIPAACEELLRRFSLVADGRILTSDYEFHGVQLKKGDQILLPQMLSGLDERENACPMHVDFSRQKVSHTTFGHGSHLCLGQHLARREIIVTLKEWLTRIPDFSIAPGAQIQHKSGIVSGVQALPLVWDPATTKAV,P00183,CPXA_PSEPU,1.14.15.1,1,perfluoroalkenoate_F,reductive dehalogenation,https://doi.org/10.1021/bi00087a014
MAIKVIEEKCIGCSKCQKSCPFDAITIENKIAVIGDACTNCGTCIDVCPTEAILQEGTEKIVRDLSMYKGVWVFAEQREGKIMPVVFELLGEGKKLANEIGTELCAILCGSNVAELTDELFAYGADKVYLADAPELEKYTTDGYSKIINEAIGLYKPEIVLYGATHIGRDLAPCLAVKVNTGLTADCTKLEIDPDDKKIRQTRPAFGGNLMATIVCPGSRPQMSTVRPGVMDKAAYDPSQKGEVIKLDATFNEGDIRTKVLEIVKTTTDNISISDADFIVSGGMGLGKPEGFELLKQLADKLGGTVATSRACVDAGWADHAQQVGQTGTTVKPQIYFACGISGAIQHIAGMQDSDIIIAINKNENAPIFEVADYGIVGDLYKVIPAIIEELDKIGK,6FAH_1,"6FAH_1|Chains A, E|Caffeyl-CoA reductase-Etf complex subunit CarE|Acetobacterium woodii (strain ATCC 29683 / DSM 1030 / JCM 2381 / KCTC 1655 / WB1) (931626)",1.3.1.108,1,perfluoroalkenoate_F,reductive defluorination of unsaturated per- and polyfluorocarboxylic acids,https://doi.org/10.1126/sciadv.ado2957
MRILVCAKQVPDTNEVKIDPKTGTMIREGVPSILNPDDANALEAALVIKDENPGTEVIVMTMGPPQASEMLRECLAMGADEAYLLSDRAFGGADTWATSATLAAGIKKVKKVDLVLAGRQAIDGDTAQVGSQIAQRLKMPVVTYVEDIKIEDKKAIVHRQMEDGYEVIEVQLPCLLTCVKELNDPRYMSVGGIMDAYEQPITIWNHEDIGLSPEACGLNASPTQVFRSFSPPAKGGGEMITGTTVNEVAGSLVSKLKEKHII,6FAH_2,"6FAH_2|Chains B, F|Caffeyl-CoA reductase-Etf complex subunit CarD|Acetobacterium woodii (strain ATCC 29683 / DSM 1030 / JCM 2381 / KCTC 1655 / WB1) (931626)",1.3.1.108,1,perfluoroalkenoate_F,"reductive defluorination of _, _-unsaturated per- and polyfluorocarboxylic acids",https://doi.org/10.1126/sciadv.ado2957
MYFSEQNKMIRKLARDFAEKELTTEILDEVEESGEFPQEILDKMAKFGFFGIKIPKSLGGSGGDHMSYVICMEEFARVSGVASVYLSSPNSLAGGPLLLSGTEEQIEKYLKPIITGKKKLAFALTEPGAGSDAGGMSTTAVDMGDYYLLNGRKTFITMAPLCDDAVIYAKTDMSKGTRGISAFIVDLKSEGVSMGKNEHKMGLIGCATSDIIMEDVKVPKENRLGEVNKGFSNAMKTLDVGRLGVASQSIGVAQGALDEAIKYAKERKQFGKRIADFQAIAFMIADMATKLEAAKLLVYNAASLMDNKKNATKEASMAKFYASEICNEICAKAVQIHGGYGYIKEYKVERMYRDCRVFTIYEGTSQVQQMVISGMLLKK,6FAH_3,"6FAH_3|Chains C, D|Caffeyl-CoA reductase-Etf complex subunit CarC|Acetobacterium woodii (strain ATCC 29683 / DSM 1030 / JCM 2381 / KCTC 1655 / WB1) (931626)",1.3.1.108,1,perfluoroalkenoate_F,"reductive defluorination of _, _-unsaturated per- and polyfluorocarboxylic acids",https://doi.org/10.1126/sciadv.ado2957
MTGDLNEFVAHFWPVRVVFGAGSTERIPAEVKRLGARRALVLCTPDQRDLAQRVLGDLGDLGAGFHDGAVMHVPEASVTRAAQAARDADADLLVAVGGGSTIGLAKALALHHGMRFVALPTTYAGSEMTPIWGLTADGAKRTGRDPRVLPSTVLYDPHHLTSLPPEVTGPSGMNAIAHAVESMYAPDRNPITMLLAEESIRAMAQGLPVAVDSPGDLDARTRTLYAAWLAGTVLGMVSMGLHHKLCHVLGGRFNLPHAPMHAVLLPHVAAFNEVAAPAELGRVAAALGAPGPGGAGAALHALLRFTCTERSLAAIGMPAQGIYDAAEHALADAYANPRQASREDIARLLRAAFTGEMPA,P94135,TFDF2_CUPPJ,1.3.1.32,1,othercarboxylate_F,reductase capable of defluorinating 2-fluoromalylacetate,https://doi.org/10.1128/jb.177.2.320-325.1995
MECFVGIDLGSTTTKAVVMDDKGQVLGRGITNSRSNYDTAARVSKLEAFIDARLSLIRRELDKEPAVAGRVDEIIDGLTRNFRREQFIEQLGDLEQTCVANVEGPRFAGKEKAIVGALTEVFRRLREEEADKLFAPDAQRKSDFFRDLAGSRFMQIGEEVARANGVEFDHLLHMYDKSIIEVENRPPSADMNRKFRSAMERVRGEMSSALDTAALGAPIDAALEIDMSERYVVGTGYGRVRLPFPKEHIRSEILCHGLGAHLMYPKTRTVLDIGGQDTKGIQIDDKGIVVNFQMNDRCAAGTGRYLGYVADEMNMGLHELGPLAMKSTKSIRINSTCTVFAGAELRDRLALGDKREDILAGLHRAIMLRAMSIISRSGGITDQFTFTGGVAKNEAAVKELRQLVKENYGEVQINIDPDSIYTGALGASEFARRAVVEA,O87876,BCRA_THAAR,1.3.7.8,1,aromatic_F,reductive defluorination of 4-fluoroaromatics,https://doi.org/10.1128/mbio.00990-16
MSAKTNPEVIKESSMVKQKEMIAGNYDRLTGTKESGEKVVSTFVPGNLNELIMCFDMVNNLPETNAIQNGMRKQSGGMIMDAEKAGHSEDVCTYVKADIGMMGRGNIAPNGKPMPAPDMLLLSYTGCFTFMKWFELLRHEYKCPTVMLQIPYQGDGKITKNMRDFVVKQLKEEVIPMFEQVSGVKFDIDRLREYLKNSAKAEDDLVWVLESAKNRPSPIDAYFGGVYYIGPMFTAFRGTADAVEYYGLLRGEIEQRIREGKGPITPEGDMKEEKYRLVVEGPPNWTSFREFWKLFYDEGAVVVASSYTKVGGLYDQGFRHDPNDPLGTLADYCLGCYTNNNLPQRVELLEKYMNEYQADGLLINSIKSCNSFSAGQLLMMREIEKRTGKPAAFIETDLVDPRYFSHANVKNRLESYFQMVDQKRSGASLATA,O87875,BCRB_THAAR,1.3.7.8,1,aromatic_F,reductive defluorination of 4-fluoroaromatics,https://doi.org/10.1128/mbio.00990-16
MSTADIIARCEALYEDLDFTAARQWKEADPSRKVIAYMPVYVPREIIHAAGMLPLGIMGGGDGLEVIHGDAFYQSYICRIPRSTIELGLSKRMDFVDGMLFPSICDVIRNLSGMWKLMFPGKYVRYFDVPQNYRDDVGGNYYTAELNELREGLEHLSGRKITDDALRASIKVYNENRKLVQDVYGLRSREPWKVPSADVYLLMRAGLVLPVEEHNQMLKDYLAAAVKVEAQKRDNCRVIINGSFCEQPPLNLIKSIELSGCYIVDDDYMIVHRFLRNEVSTAGDPMQNLSLAFLHESISTAAKYDDKEEDKGKYLLEQVRTNAAEGVIFAAPSFCDPALLERPMLADRCSENKVPYISFKYAENSGQMQPIREQAGTFADSIKLWS,O87874,BCRC_THAAR,1.3.7.8,1,aromatic_F,reductive defluorination of 4-fluoroaromatics,https://doi.org/10.1128/mbio.00990-16
MTITAGIDIGTGAVKTVLFRVEGDKTEWLAKRNDRIRQRDPFKLAEEAYNGLLEEAGLKASDVDYVATTGEGESLAFHTGHFYSMTTHARGAVYLNPEARAVLDIGALHGRAIRNDERGKVETYKMTSQCASGSGQFLENIARYLGIAQDEIGSLSTQADNPEVVSSICAVLAETDVINMVSRGISAPNILKGIHISMAGRLAKLLKSVGARDGVVLCTGGLALDEGLLKTLNESIQEQKMAVVAYNHPDSPYAGAIGAALWGAFRHEKLARLGQQQVAEAA,O87877,BCRD_THAAR,1.3.7.8,1,aromatic_F,reductive defluorination of 4-fluoroaromatics,https://doi.org/10.1128/mbio.00990-16
MDFNLTDIQQDFLKLAHDFGEKKLAPTVTERDHKGIYDKELIDELLSLGITGAYFEEKYGGSGDDGGDVLSYILAVEELAKYDAGVAITLSATVSLCANPIWQFGTEAQKEKFLVPLVEGTKLGAFGLTEPNAGTDASGQQTIATKNDDGTYTLNGSKIFITNGGAADIYIVFAMTDKSKGNHGITAFILEDGTPGFTYGKKEDKMGIHTSQTMELVFQDVKVPAENMLGEEGKGFKIAMMTLDGGRIGVAAQALGIAEAALADAVEYSKQRVQFGKPLCKFQSISFKLADMKMQIEAARNLVYKAACKKQEGKPFTVDAAIAKRVASDVAMRVTTEAVQIFGGYGYSEEYPVARHMRDAKITQIYEGTNEVQLMVTGGALLR,Q06319,ACDS_MEGEL,1.3.8.1,1,acylCoA_F,dehydrogenase capable of defluorinating 3-fluoropropionyl-CoA,https://doi.org/10.1021/bi00269a011
MSPREIEVSEPREVGITELVLRDAHQSLMATRMAMEDMVGACADIDAAGYWSVECWGGATYDSCIRFLNEDPWERLRTFRKLMPNSRLQMLLRGQNLLGYRHYNDEVVDRFVDKSAENGMDVFRVFDAMNDPRNMAHAMAAVKKAGKHAQGTICYTISPVHTVEGYVKLAGQLLDMGADSIALKDMAALLKPQPAYDIIKAIKDTYGQKTQINLHCHSTTGVTEVSLMKAIEAGVDVVDTAISSMSLGPGHNPTESVAEMLEGTGYTTNLDYDRLHKIRDHFKAIRPKYKKFESKTLVDTSIFKSQIPGGMLSNMESQLRAQGAEDKMDEVMAEVPRVRKAAGFPPLVTPSSQIVGTQAVFNVMMGEYKRMTGEFADIMLGYYGASPADRDPKVVKLAEEQSGKKPITQRPADLLPPEWEKQSKEAATLKGFNGTDEDVLTYALFPQVAPVFFEHRAEGPHSVALTDAQLKAEAEGDEKSLAVAGPVTYNVNVGGTVREVTVQQA,Q70AC7,5S_PROFR,2.1.3.1,2,acylCoA_F,carboxytransferase capable of defluorinating 3-fluoropropionyl-CoA,https://doi.org/10.1016/S0021-9258(19)86289-0
MKLKVTVNGTAYDVDVDVDKSHENPMGTILFGGGTGGAPAPRAAGGAGAGKAGEGEIPAPLAGTVSKILVKEGDTVKAGQTVLVLEAMKMETEINAPTDGKVEKVLVKERDAVQGGQGLIKIG,P02904,BCCP_PROFR,2.1.3.1,2,acylCoA_F,carboxytransferase capable of defluorinating 3-fluoropropionyl-CoA,https://doi.org/10.1016/S0021-9258(19)86289-0
MAENNNLKLASTMEGRVEQLAEQRQVIEAGGGERRVEKQHSQGKQTARERLNNLLDPHSFDEVGAFRKHRTTLFGMDKAVVPADGVVTGRGTILGRPVHAASQDFTVMGGSAGETQSTKVVETMEQALLTGTPFLFFYDSGGARIQEGIDSLSGYGKMFFANVKLSGVVPQIAIIAGPCAGGASYSPALTDFIIMTKKAHMFITGPQVIKSVTGEDVTADELGGAEAHMAISGNIHFVAEDDDAAELIAKKLLSFLPQNNTEEASFVNPNNDVSPNTELRDIVPIDGKKGYDVRDVIAKIVDWGDYLEVKAGYATNLVTAFARVNGRSVGIVANQPSVMSGCLDINASDKAAEFVNFCDSFNIPLVQLVDVPGFLPGVQQEYGGIIRHGAKMLYAYSEATVPKITVVLRKAYGGSYLAMCNRDLGADAVYAWPSAEIAVMGAEGAANVIFRKEIKAADDPDAMRAEKIEEYQNAFNTPYVAAARGQVDDVIDPADTRRKIASALEMYATKRQTRPAKKHGNFPC,Q8GBW6,12S_PROFR,2.1.3.1,2,acylCoA_F,carboxytransferase capable of defluorinating 3-fluoropropionyl-CoA,https://doi.org/10.1016/S0021-9258(19)86289-0
MKFGYFDDKNREYVIVTPRTPYPWINYLGTEDFFSIISHMAGGYCFYKDARLRRITRFRYNNVPTDAGGRYFYIREEDGDFWSPTWMPVRRDLSFFEARHGLGYTKIAGERNGLRATITFFVPRHFTGEVHHLVLQNRTERPRRIKLFSFIEFCLWNALDDMTNFQRNYSTGEVEIEGSVIYHKTEYRERRNHYAFYSVNHSIDGFDTDRESFMGLYNGFEAPQAVVEGNPRNSVASGWAPIASHYLELEIPPLGEKELIFILGYVENPEEEKWERPGVINKKRAKEMIERFKTGEDVERALKELKEYWDELLGRIQVETHDEKLNRMVNIWNQYQCMVTFNIARSASYFESGISRGIGFRDSNQDILGFVHMIPEKARQRILDLASIQFEDGSTYHQFQPLTKKGNNEIGGGFNDDPLWLILSTSAYIKETGDWSILNEEVPFDNDPDKKATLFEHLKRSFYFTVNNLGPHGLPLIGRADWNDCLNLNCFSKNPDESFQTTVNALDGRVAESVFIAGLFVLAGKEFVEICRRLGLEDEAKEAEKHVKKMIETTLEYGWDGEWFLRAYDAFGRKVGSKECEEGKIFIEPQGMCVMAGIGVENGYAKKALDSVKEHLDTPYGLVLQQPAYSRYYIELGEISSYPPGYKENAGIFCHNNPWVAIAETVIGRGDRAFEIYRKITPAYLEDISEIHRTEPYVYAQMVAGKDAPRHGEAKNSWLTGTAAWSFVAITQYILGVRPTYDGLMVDPCIPEDWDGFKITRRFRGATYEITVKNPHHVSKGVKEIIVDGKKIEGQVLPVFNDGKVHRVEVLMG,B9K7M6,CBPA_THENN,2.4.1.20,2,sugar_F,phosphorylase capable of defluorinating fluorinated sugars,https://pubmed.ncbi.nlm.nih.gov/11042119/
MAPPHQFQSKPSDVIRRRLSSAVSSKRPNIPGYTSLTPMWAGIAGAVVNNNTQFEVAISIHDSVYNTDFASSVVPYSPNEPEAQAGIIEKHVLETLRKFSTEHMCKFLGAGVTVILLREAPNLCTRLWLDMDIVPIVFNIKPFHTDSITRPNVRHRISSTTGSYVPSGAETPTVYYDPAQLQDPNKLSANVQTRLPIPRTVDEQADSAARKCIMYFGPGNNPRLQIGPRNQVAVDAGGKIHLIDDIDEYRKTVGKGTWNSVIKLADELREKKIKIGFFSSTPQGGGVALMRHAIIRFFTALDVDAAWYVPNPSPSVFRTTKNNHNILQGVADPSLRLTKEAADNFDSWILKNGLRWTAEGGPLAPGGVDIAFIDDPQMPGLIPLIKRIRPDLPIIYRSHIEIRSDLVHVKGSPQEEVWNYLWNNIQHSDLFISHPVNKFVPSDVPLEKLALLGAATDWLDGLSKHLDAWDSQYYMGEFRNLCVKEKMNELGWPAREYIVQIARFDPSKGIPNVIDSYARFRKLCVDKVMEDDIPQLLLCGHGAVDDPDASIIYDQVLQLIHAKYKEYAPDIVVMRCPPSDQLLNTLMANAKFALQLSTREGFEVKVSEALHAGKPVIACRTGGIPLQIEHGKSGYLCEPGDNAAVAQHMLDLYTDEDLYDTMSEYARTHVSDEVGTVGNAAAWMYLAVMYVSRGVKLRPHGAWINDLMRTEMGEPYRPGEPRLPRGELHVQG,O75003,TREPH_GRIFR,2.4.1.231,2,sugar_F,phosphorylase capable of defluorinating fluorinated sugars,https://www.uniprot.org/uniprotkb/O75003/entry
MKNKVQLITYADRLGDGTIKSMTDILRTRFDGVYDGVHILPFFTPFDGADAGFDPIDHTKVDERLGSWDDVAELSKTHNIMVDAIVNHMSWESKQFQDVLAKGEESEYYPMFLTMSSVFPNGATEEDLAGIYRPRPGLPFTHYKFAGKTRLVWVSFTPQQVDIDTDSDKGWEYLMSIFDQMAASHVSYIRLDAVGYGAKEAGTSCFMTPKTFKLISRLREEGVKRGLEILIEVHSYYKKQVEIASKVDRVYDFALPPLLLHALSTGHVEPVAHWTDIRPNNAVTVLDTHDGIGVIDIGSDQLDRSLKGLVPDEDVDNLVNTIHANTHGESQAATGAAASNLDLYQVNSTYYSALGCNDQHYIAARAVQFFLPGVPQVYYVGALAGKNDMELLRKTNNGRDINRHYYSTAEIDENLKRPVVKALNALAKFRNELDAFDGTFSYTTDDDTSISFTWRGETSQATLTFEPKRGLGVDNTTPVAMLEWEDSAGDHRSDDLIANPPVVA,A0ZZH6,SUCP_BIFAA,2.4.1.7,2,sugar_F,phosphorylase capable of defluorinating fluorinated sugars,https://doi.org/10.1007/s00253-003-1534-x
MQSVAFMIDLSIKSLRGILMKQIKRLFQIDPWKIRTTHLDKENLRLQESLTSIGNGYMGMRGNFEEHYSGDHHQGTYLAGVWYPDKTRVGWWKNGYPEYFGKVINAINFIAMDLQIDGQTIDLATTPYEDFSLELDMQNGVLSRQFTIQTPKNKVRFSFERFLSLEKKEAAYIHLTIEMLEGTGTITLHSKLDGDVQNEDSNYEEHFWEEIAIETQETLGFVTTKTIPNNFEIERFTVTAGMRHFIDGASVVPTYTQQPLALTAELTVSLNEGETTAITKEVLVVTSRDVPETQQITRVNELFSEMTTLYPEAKAGQAAAWAKRWQLADVVIEGDDEAQQGIRFNLFQLFSTYYGEDDRLNIGPKGFTGEKYGGATYWDTEAYAVPLYLALAKPEVTKNLLKYRHNQLPQAIHNAQQQGLKGALYPMVTFTGVECHNEWEITFEEIHRNGAIAYAIYNYVNYTGDQDYLKDAGLEVLVAIARFWADRVHFSQRHKQYMIHGVTGPNEYENNINNNWYTNTIAAWVLRYTRESYLKFQEETTLKIADDELAKWADIVENMYFPVDNELGIFVQHDTFLDKDLMPVSDLPLSELPLNQHWSWDKILRSCFIKQADVLQGIYFFNDAFSLEEKRRNFNFYEPMTVHESSLSPSIHAVLAAELGMEEKAVEMYQRTARLDLDNYNNDTEDGLHITSMTGSWLAIVQGFAQMKTDHQQLKFAPFLPATWTAYSFHINYRNRLLFVEVAADQVAFTLLDGPAIPLTVYDQKYTLKDRLVLPIRKEEVHV,E6ENP7,MALPY_ENTFT,2.4.1.8,2,sugar_F,phosphorylase capable of defluorinating fluorinated sugars,https://doi.org/10.1111/mmi.12183
MKLFYKPGACSLASHITLRESGKDFTLVSVDLMKKRLENGDDYFAVNPKGQVPALLLDDGTLLTEGVAIMQYLADSVPDRQLLAPVNSISRYKTIEWLNYIATELHKGFTPLFRPDTPEEYKPTVRAQLEKKLQYVNEALKDEHWICGQRFTIADAYLFTVLRWAYAVKLNLEGLEHIAAFMQRMAERPEVQDALSAEGLK,P0A9D2,GSTA_ECOLI,2.5.1.18,2,aromatic_F,"transferase capable of defluorinating 1-fluoro-2,4-dinitrobenzene",https://doi.org/10.1016/S0021-9258(18)31667-3
MAANSTRRPIIAFMSDLGTTDDSVAQCKGLMYSICPDVTVVDVCHSMTPWDVEEGARYIVDLPRFFPEGTVFATTTYPATGTTTRSVAVRIKQAAKGGARGQWAGSGAGFERAEGSYIYIAPNNGLLTTVLEEHGYLEAYEVTSPKVIPEQPEPTFYSREMVAIPSAHLAAGFPLSEVGRPLEDHEIVRFNRPAVEQDGEALVGVVSAIDHPFGNVWTNIHRTDLEKAGIGYGARLRLTLDGVLPFEAPLTPTFADAGEIGNIAIYLNSRGYLSIARNAASLAYPYHLKEGMSARVEAR,Q70GK9,FLA_STRCT,2.5.1.63,2,nucleoside_F,capable of defluorinating 5'-deoxy-5'-fluoroadenosine (can catalyze rxn both ways),https://doi.org/10.1038/nature02280
MNSNKELMQRRSQAIPRGVGQIHPIFADRAENCRVWDVEGREYLDFAGGIAVLNTGHLHPKVVAAVEAQLKKLSHTCFQVLAYEPYLELCEIMNQKVPGDFAKKTLLVTTGSEAVENAVKIARAATKRSGTIAFSGAYHGRTHYTLALTGKVNPYSAGMGLMPGHVYRALYPCPLHGISEDDAIASIHRIFKNDAAPEDIAAIVIEPVQGEGGFYASSPAFMQRLRALCDEHGIMLIADEVQSGAGRTGTLFAMEQMGVAPDLTTFAKSIAGGFPLAGVTGRAEVMDAVAPGGLGGTYAGNPIACVAALEVLKVFEQENLLQKANDLGQKLKDGLLAIAEKHPEIGDVRGLGAMIAIELFEDGDHNKPDAKLTAEIVARARDKGLILLSCGPYYNVLRILVPLTIEDAQIRQGLEIISQCFDEAKQ,P22256,GABT_ECOLI,2.6.1.19,2,aminoacid_F,transaminase capable of defluorinating 4-amino-3-fluorobutanoic acid,https://doi.org/10.1128/jb.172.12.7035-7042.1990
MSIPADIASLISDKYKSAFDNGNLKFIQTETTKTKDPKTSMPYLISHMPSLIEKPERGQTPEGEDPLGKPEEELTVIPEFGGADNKAYKLLLNKFPVIPEHTLLVTNEYQHQTDALTPTDLLTAYKLLCALDNEESDKRHMVFYNSGPASGSSLDHKHLQILQMPEKFVTFQDRLCNGKEHFLPTFNTEPLQDAKVSFAHFVLPMPESEETVDEDLLAMCYISILQRALTFFQDWLNENPELKKSYNLMLTKEWICVVPRSKAFSDEMKIGFNSTGYCGMILTKNDEVFSKITEKPELINDILLECGFPNTSGQKPNEYNY,P16550,APA1_YEAST,2.7.7.5,2,nucleoside_F,transferase capable of defluorinating adenosine 5'-phosphofluoride,https://doi.org/10.1128/jb.171.12.6437-6445.1989
MLTEGLSIDAKGGGRFGAHLQLPARGRGPVVMVAQEIFGVNPFMTEVLAWLASEGFVGLCPDLYWRHGPGIEFDPNDEVQRARALGMFRDYKLEDGVADLRATVAYAASQPFCDGGVAVIGYCLGGALAYEVAAEGFAQCCVGYYGVGFEKRLERARLVKTPSMFHMGTNDHFVTAEARQLITNAFEANPAIALHWYDAGHSFARASSPNFSPEATRTANARTLEMLKRMKPIGTIGQ,P27100,TCBE_PSESQ,3.1.1.45,3,othercarboxylate_F,carboxymethylenebutenolidase capable of defluorinating 4-fluoromuconolactone,https://doi.org/10.1128/jb.185.23.6790-6800.2003
MQTRRVVLKSAAAAGTLLGGLAGCASVAGSIGTGDRINTVRGPITISEAGFTLTHEHICGSSAGFLRAWPEFFGSRKALAEKAVRGLRRARAAGVRTIVDVSTFDIGRDVSLLAEVSRAADVHIVAATGLWFDPPLSMRLRSVEELTQFFLREIQYGIEDTGIRAGIIKVATTGKATPFQELVLKAAARASLATGVPVTTHTAASQRDGEQQAAIFESEGLSPSRVCIGHSDDTDDLSYLTALAARGYLIGLDHIPHSAIGLEDNASASALLGIRSWQTRALLIKALIDQGYMKQILVSNDWLFGFSSYVTNIMDVMDRVNPDGMAFIPLRVIPFLREKGVPQETLAGITVTNPARFLSPTLRAS,P0A434,OPD_BREDI,3.1.8.1,3,organophosphate_F,aryldialkylphosphatase capable of defluorinating several compounds,https://doi.org/10.1128/jb.170.5.2306-2311.1988
MLTTPPRRLAAPVPGAEGPIQDHDGRWFVVSSAGPILELLDGGGTREHARTDGGPAGMQVDADNRLWLIDSKLGVLRIDPDGSVEPVVTEQDGRPLKGCNDGALDDDGNLYFTVPDGSGLDARHGRVCCRLLDGTVRTVAEGFAFCNGLAVGPDNRTLIVAETMTRKLIAFDLPEPGVLANRRDFATLPGGNEIGADGIDFDAEGRLVVANYGEGELDVFDADGGLLDRVELPFGEVTNLHLGGPDGRDLILTEHETPGVWKTRWPVPGIRQSRACRPR,I0ICV4,I0ICV4_PHYMF,3.1.8.2,3,organophosphate_F,fluorophosphatase,https://www.ncbi.nlm.nih.gov/datasets/genome/GCF_000284115.1/
MKLAACFLTLLPGFAVAASWTSPGFPAFSEQGTGTFVSHAQLPKGTRPLTLNFDQQCWQPADAIKLNQMLSLQPCSNTPPQWRLFRDGEYTLQIDTRSGTPTLMISIQNAAEPVASLVRECPKWDGLPLTVDVSATFPEGAAVRDYYSQQIAIVKNGQIMLQPAATSNGLLLLERAETDTSAPFDWHNATVYFVLTDRFENGDPSNDQSYGRHKDGMAEIGTFHGGDLRGLTNKLDYLQQLGVNALWISAPFEQIHGWVGGGTKGDFPHYAYHGYYTQDWTNLDANMGNEADLRTLVDSAHQRGIRILFDVVMNHTGYATLADMQEYQFGALYLSGDEVKKSLGERWSDWKPAAGQTWHSFNDYINFSDKTGWDKWWGKNWIRTDIGDYDNPGFDDLTMSLAFLPDIKTESTTASGLPVFYKNKMDTHAKAIDGYTPRDYLTHWLSQWVRDYGIDGFRVDTAKHVELPAWQQLKTEASAALREWKKANPDKALDDKPFWMTGEAWGHGVMQSDYYRHGFDAMINFDYQEQAAKAVDCLAQMDTTWQQMAEKLQGFNVLSYLSSHDTRLFREGGDKAAELLLLAPGAVQIFYGDESSRPFGPTGSDPLQGTRSDMNWQDVSGKSAASVAHWQKISQFRARHPAIGAGKQTTLLLKQGYGFVREHGDDKVLVVWAGQQ,P25718,AMY1_ECOLI,3.2.1.1,3,sugar_F,amylase capable of defluorinating maltosyl fluoride,https://doi.org/10.1016/S0021-9258(18)42743-3
MKKTTEGAFYTREYRNLFKEFGYSEAEIQERVKDTWEQLFGDNPETKIYYEVGDDLGYLLDTGNLDVRTEGMSYGMMMAVQMDRKDIFDRIWNWTMKNMYMTEGVHAGYFAWSCQPDGTKNSWGPAPDGEEYFALALFFASHRWGDGDEQPFNYSEQARKLLHTCVHNGEGGPGHPMWNRDNKLIKFIPEVEFSDPSYHLPHFYELFSLWANEEDRVFWKEAAEASREYLKIACHPETGLAPEYAYYDGTPNDEKGYGHFFSDSYRVAANIGLDAEWFGGSEWSAEEINKIQAFFADKEPEDYRRYKIDGEPFEEKSLHPVGLIATNAMGSLASVDGPYAKANVDLFWNTPVRTGNRRYYDNCLYLFAMLALSGNFKIWFPEGQEEEH,Q9KB30,REOX_HALH5,3.2.1.156,3,sugar_F,xylanase capable of defluorinating xylobiosyl fluoride,https://doi.org/10.1093/nar/28.21.4317
MLANAIAALLLGSGIASAAGHGSPLTSKAGHRAVIPDWDLKSSSDVSKDLGGLSKPGVDTSSWYHAGTSRCTIMGCLINAGVYNDEELWYSDNLNHVNWGQFSVPWVYRHEFALSPAKGKHFLLQTNGITSKADLFFNGKQIADKEYQSGAYAGRTYDITNLAAKKNALLVQVYPTDYLYDFALGYVDWNPYPSDNGSGIWRDITIKETGSVSMGPVSVLVDIDVPVEKNPARVTVRAEAQNLESHAVEFNAAAVISGNSCSGEALKQTIKLAPGEKKLVQFTQTIKTPSIWWPKQWGDQPLYTAEVTFSVKGAVSDTAQTKFGVRKVTSFVNQFNDTQYSVNGHPFQVIGGGYGADMFLRWDSERFTRIVEYMLDMHQNTIRLEGKMEHPELYEICDEYGLMVMPGWECCDKWEAWAYNDELAIFPPPVWDANDYETANYSMIHEAAMMQPHPSVLTFLVGSDFWPNDEAVVLYANALKNAGWQTPIIASASKRGFPALLGPGGMKMDGPYDWVPPNYWYDVEPSEDRLGAAFGFGSELGAGVGTPELSSLRRFLNQSDLDDLWKNPNKNLFHMSTNASSFYNRKIYNQGLWKRYGAPTSLDDYLLKAQMMDYEATRAQYEGFGALWTASRPATGVIYWMLNNAWPSLHWNQFDYYLHPAGSYFGTKVGSRIEHVAYNYQKKEIWVINHSLYQTGSRNIKVELIDMNGKQIAKKLVQVRTKANSGFKAMDISSDINKLSSVAFLRLVLSDEKGSVLSRNVYWVTKTIDELNWDESTWYYTPVSKFVDYTPLNTLATAQVSVTTSGGKHLPGIPGSQTRTVTLENKSSVPAVFIRLTLVDSKGNDVNPVSWSDNYVTLWPHEKLQLEVGGWDGSGDKIQISGKNIKATTVKL,Q4R1C4,EBDG_HYPJE,3.2.1.165,3,sugar_F,capable of defluorianting glucosaminyl fluoride,https://doi.org/10.1007/s00253-006-0320-y
MKRKMLKRLLTSAFACMFIANGLITTTVRAVGPKTGEENQVLVPNLNPTPENLEVVGDGFKITSSINLVGEEEADENAVNALREFLTANNIEINSENDPNSTTLIIGEVDDDIPELDEALNGTTAENLKEEGYALVSNDGKIAIEGKDGDGTFYGVQTFKQLVKESNIPEVNITDYPTVSARGIVEGFYGTPWTHQDRLDQIKFYGENKLNTYIYAPKDDPYHREKWREPYPESEMQRMQELINASAENKVDFVFGISPGIDIRFDGDAGEEDFNHLITKAESLYDMGVRSFAIYWDDIQDKSAAKHAQVLNRFNEEFVKAKGDVKPLITVPTEYDTGAMVSNGQPRAYTRIFAETVDPSIEVMWTGPGVVTNEIPLSDAQLISGIYNRNMAVWWNYPVTDYFKGKLALGPMHGLDKGLNQYVDFFTVNPMEHAELSKISIHTAADYSWNMDNYDYDKAWNRAIDMLYGDLAEDMKVFANHSTRMDNKTWAKSGREDAPELRAKMDELWNKLSSKEDASALIEELYGEFARMEEACNNLKANLPEVALEECSRQLDELITLAQGDKASLDMIVAQLNEDTEAYESAKEIAQNKLNTALSSFAVISEKVAQSFIQEALSFDLTLINPRTVKITASSEETSGENAPASFASDGDMNTFWHSKWSSPAHEGPHHLTLELDNVYEINKVKYAPRQDSKNGRITGYKVSVSLDGENFTEVKTGTLEDNAAIKFIEFDSVDAKYVRLDVTDSVSDQANGRGKFATAAEVNVHGKLKENAEVTGSVSLEALEEVQVGENLEVGVGIDELVNAEAFAYDFTLNYDENAFEYVEAISDDGVFVNAKKIEDGKVRVLVSSLTGEPLPAKEVLAKVVLRAEAKAEGSNLSVTNSSVGDGEGLVHEIAGTEKTVNIIEGTSPEIVVNPVRDFKASEINKKNVTVTWTEPETTEGLEGYILYKDGKKVAEIGKDETSYTFKKLNRHTIYNFKIAAKYSNGEVSSKESLTLRTAR,Q0TR53,OGA_CLOP1,3.2.1.169,3,sugar_F,capable of defluorinating fluorinated GlcNAc variant,10.1101/gr.5238106
MIMNMKNIFYCLLPGLLLGACSNKVYEKTGDSVIVKVQHKETGGPRLVRLQVMGDKLIHVSATADSKFADPQSLIVVPQKKQTSFAVVQNGDTITVSTEEVKASVLASTGEVWFTDKNGELILQENKGGGKTFTPIEVEGTKGYTVCQVFESPEDEAFYGLGQHQADEFNYKGKNEELFQYNTKVSVPFVVSNKNYGILLDSYSFCRFGNPNDYSQLNRIFKLYDKTGQEGALTGTYVPKKGETLVRREDSIYFENLKTIENLPKKLPLMGAKVTYEGEIEPAQTGEFKFILYYAGYVKVYLNNEPVVPERWRTAWNPNSYKFAAHLEAGKRVPLKIEWQPDGGQSYCGLRALTPVNPEEQGKQSWWSEMTKQLDYYFMAGENMDDVISGYRSLTGKSPVMPKWAMGFWQSREKYNTQEEMLGALKGFRDRKIPLDNIVLDWNHWPENAWGSHEFDKARFPDPKAMVDSIHAMHARMMISVWPKFYVTTEHFKEFDENGWMYQQSVKDSLKDWVGPGYHYGFYDAYDPDARKLFWKQMYEHYYPLGIDAWWMDASEPNVRDCTDLEYRKALCGPTALGSSTEFFNAYALMNAEAIYDGQRGVDNNKRVFLLTRSGFAGLQRYSTATWSGDIGTRWEDMKAQISAGLNFAMSGIPYWTMDIGGFCVENRYVAGQKQWNATKTENADYKEWRELNTRWYQFGAFVPLYRAHGQYPFREIWEIAPEGHPAYQSVVYYTKLRYNMMPYIYSLAGMTWFDDYTIMRPLVMDFTADAEVNDIGDQFMFGPSFMVSPVYRYGDRSREIYFPQAEGWYDFYSGKFQAGGERKVIEAPYERIPLYVRAGAIIPFGDDIQYTDEKPAEHIRLYIYQGADGEFTLYEDEGVNYNYEQGMYAMIPMKYDEATKTLVIGERQGEFPGMLKERTFTVVTVNKEKAQPFDLNAKGVTVKYNGSEQTLKL,A7LXT0,GH31A_BACO1,3.2.1.177,3,sugar_F,xylohydrolase capable of defluorinating xylopyrasonyl fluoride,https://doi.org/10.1038/nature12907
MMSAPKITFIGAGSTIFVKNILGDVFHREALKTAHIALMDIDPTRLEESHIVVRKLMDSAGASGKITCHTQQKEALEDADFVVVAFQIGGYEPCTVTDFEVCKRHGLEQTIADTLGPGGIMRALRTIPHLWQICEDMTEVCPDATMLNYVNPMAMNTWAMYARYPHIKQVGLCHSVQGTAEELARDLNIDPATLRYRCAGINHMAFYLELERKTADGSYVNLYPELLAAYEAGQAPKPNIHGNTRCQNIVRYEMFKKLGYFVTESSEHFAEYTPWFIKPGREDLIERYKVPLDEYPKRCVEQLANWHKELEEYKKASRIDIKPSREYASTIMNAIWTGEPSVIYGNVRNDGLIDNLPQGCCVEVACLVDANGIQPTKVGTLPSHLAALMQTNINVQTLLTEAILTENRDRVYHAAMMDPHTAAVLGIDEIYALVDDLIAAHGDWLPGWLHR,P06720,AGAL_ECOLI,3.2.1.22,3,sugar_F,galactosidase capable of defluorinating galactosyl fluoride,https://doi.org/10.1093/nar/15.5.2213
MTMITDSLAVVLQRRDWENPGVTQLNRLAAHPPFASWRNSEEARTDRPSQQLRSLNGEWRFAWFPAPEAVPESWLECDLPEADTVVVPSNWQMHGYDAPIYTNVTYPITVNPPFVPTENPTGCYSLTFNVDESWLQEGQTRIIFDGVNSAFHLWCNGRWVGYGQDSRLPSEFDLSAFLRAGENRLAVMVLRWSDGSYLEDQDMWRMSGIFRDVSLLHKPTTQISDFHVATRFNDDFSRAVLEAEVQMCGELRDYLRVTVSLWQGETQVASGTAPFGGEIIDERGGYADRVTLRLNVENPKLWSAEIPNLYRAVVELHTADGTLIEAEACDVGFREVRIENGLLLLNGKPLLIRGVNRHEHHPLHGQVMDEQTMVQDILLMKQNNFNAVRCSHYPNHPLWYTLCDRYGLYVVDEANIETHGMVPMNRLTDDPRWLPAMSERVTRMVQRDRNHPSVIIWSLGNESGHGANHDALYRWIKSVDPSRPVQYEGGGADTTATDIICPMYARVDEDQPFPAVPKWSIKKWLSLPGETRPLILCEYAHAMGNSLGGFAKYWQAFRQYPRLQGGFVWDWVDQSLIKYDENGNPWSAYGGDFGDTPNDRQFCMNGLVFADRTPHPALTEAKHQQQFFQFRLSGQTIEVTSEYLFRHSDNELLHWMVALDGKPLASGEVPLDVAPQGKQLIELPELPQPESAGQLWLTVRVVQPNATAWSEAGHISAWQQWRLAENLSVTLPAASHAIPHLTTSEMDFCIELGNKRWQFNRQSGFLSQMWIGDKKQLLTPLRDQFTRAPLDNDIGVSEATRIDPNAWVERWKAAGHYQAEAALLQCTADTLADAVLITTAHAWQHQGKTLFISRKTYRIDGSGQMAITVDVEVASDTPHPARIGLNCQLAQVAERVNWLGLGPQENYPDRLTAACFDRWDLPLSDMYTPYVFPSENGLRCGTRELNYGPHQWRGDFQFNISRYSQQQLMETSHRHLLHAEEGTWLNIDGFHMGIGGDDSWSPSVSAEFQLSAGRYHYQLVWCQK,P00722,BGAL_ECOLI,3.2.1.23,3,sugar_F,galactosidase capable of defluorinating galactosyl fluoride,https://doi.org/10.1002/j.1460-2075.1983.tb01468.x
MNRSLLLRLSDTGEPITSCSYGKGVLTLPPIPLPKDAPKDQPLYTVKLLVSAGSPVARDGLVWTNCPPDHNTPFKRDKFYKKIIHSSFHEDDCIDLNVYAPGSYCFYLSFRNDNEKLETTRKYYFVALPMLYINDQFLPLNSIALQSVVSKWLGSDWEPILSKIAAKNYNMVHFTPLQERGESNSPYSIYDQLQFDQEHFKSPEDVKNLVEHIHRDLNMLSLTDIVFNHTANNSPWLVEHPEAGYNHITAPHLISAIELDQELLNFSRNLKSWGYPTELKNIEDLFKIMDGIKVHVLGSLKLWEYYAVNVQTALRDIKAHWNDESNESYSFPENIKDISSDFVKLASFVKDNVTEPNFGTLGERNSNRINVPKFIQLLKLINDGGSDDSESSLATAQNILNEVNLPLYREYDDDVSEILEQLFNRIKYLRLDDGGPKQGPVTVDVPLTEPYFTRFKGKDGTDYALANNGWIWNGNPLVDFASQNSRAYLRREVIVWGDCVKLRYGKSPEDSPYLWERMSKYIEMNAKIFDGFRIDNCHSTPIHVGEYFLDLARKYNPNLYVVAELFSGSETLDCLFVERLGISSLIREAMQAWSEEELSRLVHKHGGRPIGSYKFVPMDDFSYPADINLNEEHCFNDSNDNSIRCVSEIMIPKILTATPPHALFMDCTHDNETPFEKRTVEDTLPNAALVALCSSAIGSVYGYDEIFPHLLNLVTEKRHYDISTPTGSPSIGITKVKATLNSIRTSIGEKAYDIEDSEMHVHHQGQYITFHRMDVKSGKGWYLIARMKFSDNDDPNETLPPVVLNQSTCSLRFSYALERVGDEIPNDDKFIKGIPTKLKELEGFDISYDDSKKISTIKLPNEFPQGSIAIFETQQNGVDESLDHFIRSGALKATSSLTLESINSVLYRSEPEEYDVSAGEGGAYIIPNFGKPVYCGLQGWVSVLRKIVFYNDLAHPLSANLRNGHWALDYTISRLNYYSDEAGINEVQNWLRSRFDRVKKLPSYLVPSYFALIIGILYGCCRLKAIQLMSRNIGKSTLFVQSLSMTSIQMVSRMKSTSILPGENVPSMAAGLPHFSVNYMRCWGRDVFISLRGMLLTTGRFDEAKAHILAFAKTLKHGLIPNLLDAGRNPRYNARDAAWFFLQAVQDYVYIVPDGEKILQEQVTRRFPLDDTYIPVDDPRAFSYSSTLEEIIYEILSRHAKGIKFREANAGPNLDRVMTDKGFNVEIHVDWSTGLIHGGSQYNCGTWMDKMGESEKAGSVGIPGTPRDGAAIEINGLLKSALRFVIELKNKGLFKFSDVETQDGGRIDFTEWNQLLQDNFEKRYYVPEDPSQDADYDVSAKLGVNRRGIYRDLYKSGKPYEDYQLRPNFAIAMTVAPELFVPEHAIKAITIADEVLRGPVGMRTLDPSDYNYRPYYNNGEDSDDFATSKGRNYHQGPEWVWLYGYFLRAFHHFHFKTSPRCQNAAKEKPSSYLYQQLYYRLKGHRKWIFESVWAGLTELTNKDGEVCNDSSPTQAWSSACLLDLFYDLWDAYEDDS,Q06625,GDE_YEAST,3.2.1.33,3,sugar_F,glucosidase capable of defluorinating glucosyl fluoride,https://doi.org/10.1006/prep.2000.1252
MRKTTLFLAVTFATSNAQGRALRSSSPATYGTTDGSDYILKTGYLIGNGKLGVIPFGPPDTEKLNLNVDSLWSGGPFEVENYTGGNPSSPIYDALPGIRERIFENGTGGMEELLGSGNHYGSSRVLGNITIALDGVEAYSKYKRTLDLSDGVHRTSFTIANRTTAALKSSIFCSYPDQVCVYHLESASDARLPKVTISIENLLVNQSLLQTSCESEAKRAVLRHSGVTQAGPPEGMKYAAVAEVVNPRSSVTTCLGEGALQISSRKKQLTIIIGAATNYDQKAGNAKSGWSFKNAKDPASIVDGIASAAGWKGYQRLLDRHVKDYKKLMGDFSLELPDTTDSASKDTSELIEKYSYASATGNPYLENLLLDYARHLLVSSSRPNSLPANLQGRWTESLTPSWSADYHANINLQMNYWLADQTGLGETQHALWNYMADTWVPRGTETARLLYNASGWVVHNEINIFGFTAMKEDAGWANYPAAAAWMMQHVWDNFDYTHDTAWLVSQGYALLKGIASFWLSSLQEDKFFNDGSLVVNPCNSPETGPTTFGCTHYQQLIHQVFETVLAAQEYIHESDTKFVDSVASALERLDTGLHLSSWGGLKEWKLPDSYGYDNMSTHRHLSHLAGWYPGYSISSFAHGYRNKTIQDAVKETLTARGMGNAADANAGWAKVWRAACWARLNDSSMAYDELRYAIDENFVGNGLSMYWGASPPFQIDANFGFAGAVLSMLVVDLPTPRSDPGQRTVVLGPAIPSAWGGGRAKGLRLRGGAKVDFGWDKRGVVNWVNIVKRGKGTSRVKLVNKEGDILAEM,Q5AU81,AFCA_EMENI,3.2.1.51,3,sugar_F,fucosidase capable of defluorinating fluorinated sugars,https://doi.org/10.1073/pnas.0604632103
MSYRVKRMLMLLVTGLFLSLSTFAASASAQTGGSFYEPFNNYNTGLWQKADGYSNGNMFNCTWRANNVSMTSLGEMRLSLTSPSYNKFDCGENRSVQTYGYGLYEVNMKPAKNVGIVSSFFTYTGPTDGTPWDEIDIEFLGKDTTKVQFNYYTNGVGNHEKIVNLGFDAANSYHTYAFDWQPNSIKWYVDGQLKHTATTQIPQTPGKIMMNLWNGAGVDEWLGSYNGVTPLSRSLHWVRYTKR,P27051,GUB_BACLI,3.2.1.73,3,polysaccharide_F,licheninase capable of defluorinating fluorinated glucans,https://doi.org/10.1111/j.1432-1033.1991.tb15916.x
MRPLRPRAALLALLASLLAAPPVAPAEAPHLVHVDAARALWPLRRFWRSTGFCPPLPHSQADQYVLSWDQQLNLAYVGAVPHRGIKQVRTHWLLELVTTRGSTGRGLSYNFTHLDGYLDLLRENQLLPGFELMGSASGHFTDFEDKQQVFEWKDLVSSLARRYIGRYGLAHVSKWNFETWNEPDHHDFDNVSMTMQGFLNYYDACSEGLRAASPALRLGGPGDSFHTPPRSPLSWGLLRHCHDGTNFFTGEAGVRLDYISLHRKGARSSISILEQEKVVAQQIRQLFPKFADTPIYNDEADPLVGWSLPQPWRADVTYAAMVVKVIAQHQNLLLANTTSAFPYALLSNDNAFLSYHPHPFAQRTLTARFQVNNTRPPHVQLLRKPVLTAMGLLALLDEEQLWAEVSQAGTVLDSNHTVGVLASAHRPQGPADAWRAAVLIYASDDTRAHPNRSVAVTLRLRGVPPGPGLVYVTRYLDNGLCSPDGEWRRLGRPVFPTAEQFRRMRAAEDPVAAAPRPLPAGGRLTLRPALRLPSLLLVHVCARPEKPPGQVTRLRALPLTQGQLVLVWSDEHVGSKCLWTYEIQFSQDGKAYTPVSRKPSTFNLFVFSPDTGAVSGSYRVRALDYWARPGPFSDPVPYLEVPVPRGPPSPGNP,P35475,IDUA_HUMAN,3.2.1.76,3,polysaccharide_F,iduronidase capable of defluorinating fluorinated iduron,https://doi.org/10.1073/pnas.88.21.9695
MNFRRMLCAAIVLTIVLSIMLPSTVFALEDKSSKLPDYKNDLLYERTFDEGLCFPWHTCEDSGGKCDFAVVDVPGEPGNKAFRLTVIDKGQNKWSVQMRHRGITLEQGHTYTVRFTIWSDKSCRVYAKIGQMGEPYTEYWNNNWNPFNLTPGQKLTVEQNFTMNYPTDDTCEFTFHLGGELAAGTPYYVYLDDVSLYDPRFVKPVEYVLPQPDVRVNQVGYLPFAKKYATVVSSSTSPLKWQLLNSANQVVLEGNTIPKGLDKDSQDYVHWIDFSNFKTEGKGYYFKLPTVNSDTNYSHPFDISADIYSKMKFDALAFFYHKRSGIPIEMPYAGGEQWTRPAGHIGIEPNKGDTNVPTWPQDDEYAGRPQKYYTKDVTGGWYDAGDHGKYVVNGGIAVWTLMNMYERAKIRGIANQGAYKDGGMNIPERNNGYPDILDEARWEIEFFKKMQVTEKEDPSIAGMVHHKIHDFRWTALGMLPHEDPQPRYLRPVSTAATLNFAATLAQSARLWKDYDPTFAADCLEKAEIAWQAALKHPDIYAEYTPGSGGPGGGPYNDDYVGDEFYWAACELYVTTGKDEYKNYLMNSPHYLEMPAKMGENGGANGEDNGLWGCFTWGTTQGLGTITLALVENGLPATDIQKARNNIAKAADRWLENIEEQGYRLPIKQAEDERGGYPWGSNSFILNQMIVMGYAYDFTGNSKYLDGMQDGMSYLLGRNGLDQSYVTGYGERPLQNPHDRFWTPQTSKKFPAPPPGIIAGGPNSRFEDPTITAAVKKDTPPQKCYIDHTDSWSTNEITVNWNAPFAWVTAYLDEIDLITPPGGVDPEEPEVIYGDCNGDGKVNSTDAVALKRYILRSGISINTDNADVNADGRVNSTDLAILKRYILKEIDVLPHK,P0C2S1,CELK_ACETH,3.2.1.91,3,polysaccharide_F,capable of defluorinating cellobiosyl fluoride,https://doi.org/10.1128/jb.181.17.5288-5295.1999
MSFRFGQHLIKPSVVFLKTELSFALVNRKPVVPGHVLVCPLRPVERFHDLRPDEVADLFQTTQRVGTVVEKHFHGTSLTFSMQDGPEAGQTVKHVHVHVLPRKAGDFHRNDSIYEELQKHDKEDFPASWRSEEEMAAEAAALRVYFQ,P49789,FHIT_HUMAN,3.6.1.29,3,organophosphate_F,triphosphatase capable of defluorinating adenylylfluoride,https://doi.org/10.1016/S0092-8674(00)81034-X
MPDLADLFPGFGSEWINTSSGRIFARVGGDGPPLLLLHGFPQTHVMWHRVAPKLAERFKVIVADLPGYGWSDMPESDEQHTPYTKRAMAKQLIEAMEQLGHVHFALAGHDRGARVSYRLALDSPGRLSKLAVLDILPTYEYWQRMNRAYALKIYHWSFLAQPAPLPENLLGGDPDFYVKAKLASWTRAGDLSAFDPRAVEHYRIAFADPMRRHVMCEDYRAGAYADFEHDKIDVEAGNKIPVPMLALWGASGIAQSAATPLDVWRKWASDVQGAPIESGHFLPEEAPDQTAEALVRFFSAAP,Q6NAM1,Q6NAM1_DEHA_Rhodopseudomonas_palustris,3.8.1.3,3,acetate_F,Fluoroacetate dehalogenase ,10.1021/ja200277d
MFEGFERRLVDVGDVTINCVVGGSGPALLLLHGFPQNLHMWARVAPLLANEYTVVCADLRGYGGSSKPVGAPDHANYSFRAMASDQRELMRTLGFERFHLVGHDRGGRTGHRMALDHPDSVLSLAVLDIIPTYVMFEEVDRFVARAYWHWYFLQQPAPYPEKVIGADPDTFYEGCLFGWGATGADGFDPEQLEEYRKQWRDPAAIHGSCCDYRAGGTIDFELDHGDLGRQVQCPALVFSGSAGLMHSLFEMQVVWAPRLANMRFASLPGGHFFVDRFPDDTARILREFLSDARSGIHQTERRES,Q1JU72,DEHA_BURSP,3.8.1.3,3,acetate_F,Fluoroacetate dehalogenase ,10.1128/JB.01654-08
MSHFLYGANVQANGIRQHYLRYGGQGPVVILIPGITSPAITWGFVAERLAEKYDTYVLDVRGRGLSASGPDLAYDAETCAQDITSFACALQLENYALLGHSMGARFALRAAALHPAGVRRLVLIDPPVSGPGRREYPGKWPWYVDSIRQSLLGMNAEQMRTYCPNWSESQRQLRAEWLHTCYEPAIQRAYEDFHQVDSHRDYPALSMPTLLMVAGLGGVIQQEDEAEIRALQPEITLAHVENAGHMIPWDDFDGFFRALGNFLD,WHM00222.1,"WHM00222.1 hydrolase, partial [Serratia liquefaciens]",3.8.1.3,3,aminoacid_F,hydrolase capable of degrading monofluorinated compounds,https://doi.org/10.1021/acs.est.3c01240
MYEAIGHRVEDGVAEITIKLPRHRNALSVKAMQEVTDALNRAEEDDSVGAVMITGAEDAFCAGFYLREIPLDKGVAGVRDHFRIGALWWHQMIHKIIRVKRPVLAAINGVAAGGGLGISLASDMAICADSAKFVCAWHTIGIGNDTATSYSLARIVGMRRAMELMLTNRTLYPEEAKDWGLVSRVYPKDDFREVAWKVARELAAAPTHLQVMAKERFHAGWMQPVEECTEFEIQNVIASVTHPHFMPCLTEFLDGHRADRPQVELPAGV,A5JTM5,CBADH_PSEUC,3.8.1.7,3,aromatic_F,4-chlorobenzoyl coenzyme A dehalogenase,10.1128/JB.183.12.3729-3736.2001.
MSSNSDHHISVEHTDGVATIRFTRPSKHNAASAQLLLETLEALYRLESDDSVGAIVLTGEGAVFSAGFDLEEVPMGPASEIQSHFRLKALYYHAVIHMLARIEKPTLAAINGPAVGGGLGMSLACDLAVCTDRATFLPAWMSIGIANDASSSFYLPRIVGYRRAMEWLLTNRTLGADEAYEWGVVNRVFSEADFQSRVGEIARQLAAAPTHLQGLVKNRIQEGSSETLESCTEHEVQNVIASVGHPHFAERLAMFRSKEMRSSALAVDLDAVCGGR,Q9LCU3,CBAD2_ARTSP,3.8.1.7,3,aromatic_F,4-chlorobenzoyl coenzyme A dehalogenase,10.1128/JB.183.12.3729-3736.2001.
MSSNSDHHISVEHTDGVATIRFTRPSKHNAASGQLLLETLEALYRLESDDSVGAIVLTGEGAVFSAGFDLEEVPMGPASEIQSHFRLKALYYHAVIHMLARIEKPTLAAINGPAVGGGLGMSLACDLAVCTDRATFLPAWMSIGIANDASSSFYLPRIVGYRRAMEWLLTNRTLGADEAYEWGVVNRVFSEADFQSRVGEIARQLAAAPTHLQGLVKNRIQEGSSETLESCTEHEVQNVIASVGHPHFAERLAMFRSKEMRSSALAVDLDAVCGGR,O85078,CBAD1_ARTSP,3.8.1.7,3,aromatic_F,4-chlorobenzoyl coenzyme A dehalogenase-1,10.1128/JB.183.12.3729-3736.2001.
MQTLSIQHGTLVTMDQYRRVLGDSWVHVQDGRIVALGVHAESVPPPADRVIDARGKVVLPGFINAHTHVNQILLRGGPSHGRQFYDWLFNVVYPGQKAMRPEDVAVAVRLYCAEAVRSGITTINENADSAIYPGNIEAAMAVYGEVGVRVVYARMFFDRMDGRIQGYVDALKARSPQVELCSIMEETAVAKDRITALSDQYHGTAGGRISVWPAPATTTAVTVEGMRWAQAFARDRAVMWTLHMAESDHDERIHGMSPAEYMECYGLLDERLQVAHCVYFDRKDVRLLHRHNVKVASQVVSNAYLGSGVAPVPEMVERGMAVGIGTDNGNSNDSVNMIGDMKFMAHIHRAVHRDADVLTPEKILEMATIDGARSLGMDHEIGSIETGKRADLILLDLRHPQTTPHHHLAATIVFQAYGNEVDTVLIDGNVVMENRRLSFLPPERELAFLEEAQSRATAILQRANMVANPAWRSL,P72156,ATZA_PSESD,3.8.1.8,3,aromatic_F,chlorohydrolase capable of defluorinating fluoroatrazine,https://doi.org/10.1128/aem.61.9.3373-3378.1995
MVAQQQGKFTVGDYLAERLAQVGVRHHFVVPGDYNLILLDKLQAHPDLKEVGCANELNCSLAAEGYARANGISACVVTYSVGALSAFNGTGSAYAENLPLVLISGSPNTNDPSQYHILHHTLGHPDYTYQYEMAKKITCCAVAIPRAIDAPRLIDRALRAAILARKPCYIEIPTNLAGATCVRPGPISAITDPITSDKSALEAAAKCAAEYLDGKLKPVILVGPKAGRAGSEKELIEFAEAMGCAVALQPAAKGMFPEDHKQFVGIFWGQVSSDAADAMVHWADAMICVGAVFNDYSTVGWTAVPNIPLMTVDMDHVTFPGAHFSRVRMCEFLSHLATQVTFNDSTMIEYKRLKPDPPHVHTAEREEPLSRKEISRQVQEMLTDKTSLFVDTGDSWFNGIQLKLPPGAKFEIEMQWGHIGWSIPAAFGYALRHPDRHTIVLVGDGSFQVTAQEVSQMVRFKVPITIMLINNRGYTIEVEIHDGSYNKIKNWDYAMLVEAFNSTDGHAKGLLANTAGELADAIKVAESHKEGPTLIECTIDQDDCSKELITWGHYVAAANARPPRNMSVQE,P33287,PDC_NEUCR,4.1.1.1,4,othercarboxylate_F,pyruvate decarboxylase capable of defluorinating fluoropyruvate,https://doi.org/10.1016/0378-1119(93)90427-5
MPNHQNMLDNQTILITGGTGSFGKCFVRKVLDTTNAKKIIVYSRDELKQSEMAMEFNDPRMRFFIGDVRDLERLNYALEGVDICIHAAALKHVPIAEYNPLECIKTNIMGASNVINACLKNAISQVIALSTDKAANPINLYGATKLCSDKLFVSANNFKGSSQTQFSVVRYGNVVGSRGSVVPFFKKLVQNKASEIPITDIRMTRFWITLDEGVSFVLKSLKRMHGGEIFVPKIPSMKMTDLAKALAPNTPTKIIGIRPGEKLHEVMIPKDESHLALEFEDFFIIQPTISFQTPKDYTLTKLHEKGQKVAPDFEYSSHNNNQWLEPDDLLKLL,O25511,PSEB_HELPY,4.2.1.115,4,sugar_F,dehydratase capable of defluorinating fluorinated GlcNAc variant,https://doi.org/10.1074/jbc.M006369200
MNPTTQKLVEQNAPAQLVDHNLVPETVCPGVLYEKRPARNLKGEVVPGLYNVWISLDNPKQYNSYTTDMVKGLILAFRAASCARDVASVVFTAVGDKAFCTGGNTKEYAEYYAGNPQEYRQYMRLFNDMVSAILGCDKPVICRVNGMRIGGGQEIGMAADFTVAQDLANFGQAGPKHGSAAIGGATDFLPLMIGCEQAMVSGTLCEPFSAHKANRLGICMQIVPALKVDGKFIANPLVVTDRYLDEFGRIIHGEFKTGDELAAGKELMKRGEIDLSLLDEAVEKLCAKLISTFPECLTKSFEELRKPKLDAWNRNKENSRAWLALNMMNEARTGFRAFNEGNKETGREIEFTDLRQALAKGMPWTPELIESLMPGAK,AJ224959.2,"lcl|AJ224959.2_prot_CAA12245.1_4 [gene=oah] [db_xref=GOA:O87872,InterPro:IPR001753,UniProtKB/TrEMBL:O87872] [protein=6-oxocyclohex-1-ene-1-carbonyl-CoA hydratase] [protein_id=CAA12245.1] [location=4455..5588] [gbkey=CDS]",4.2.1.17,4,aromatic_F,promiscuous anaerobic defluorination of 2-Fluorobenzoate,https://doi.org/10.3389/fmicb.2017.02579
MSEASSPLKVWLERDGSLLRLRLARPKANIVDAAMIAAMRQALGEHLQAPALRAVLLDAEGPHFSFGASVDEHMPDQCAQMLKSLHGLVREMLDSPVPILVALRGQCLGGGLEVAAAGNLLFAAPDAKFGQPEIRLGVFAPAASCLLPPRVGQACAEDLLWSGRSIDGAEGHRIGLIDVLAEDPEAAALRWFDEHIARLSASSLRFAVRAARCDSVPRIKQKLDTVEALYLEELMASHDAVEGLKAFLEKRSANWENR,AJ224959.2,"lcl|AJ224959.2_prot_CAA12246.1_5 [gene=dch] [db_xref=GOA:O87873,UniProtKB/Swiss-Prot:O87873] [protein=cyclohexa-1,5-diene-1-carbonyl-CoA hydratase] [protein_id=CAA12246.1] [location=5588..6364] [gbkey=CDS]",4.2.1.17,4,aromatic_F,promiscuous anaerobic defluorination of 2-Fluorobenzoate,https://doi.org/10.3389/fmicb.2017.02580
MRKILITGGAGFIGSALVRYIINETSDAVVVVDKLTYAGNLMSLAPVAQSERFAFEKVDICDRAELARVFTEHQPDCVMHLAAESHVDRSIDGPAAFIETNIVGTYTLLEAARAYWNALTEDKKSAFRFHHISTDEVYGDLHSTDDFFTETTPYAPSSPYSASKASSDHLVRAWLRTYGLPTLITNCSNNYGPYHFPEKLIPLMILNALAGKSLPVYGNGQQIRDWLYVEDHARALYCVATTGKVGETYNIGGHNERKNLDVVETICELLEELAPNKPHGVAHYRDLITFVADRPGHDLRYAIDASKIARELGWLPQETFESGMRKTVQWYLANESWWKQVQDGSYQGERLGLKG,P27830,RMLB2_ECOLI,4.2.1.46,4,nucleoside_F,capable of defluorinating dTDP-6-fluoro-6-deoxyglucose,https://doi.org/10.1126/science.1379743
MPDSGSLGPPTSLPEQPPAPPATAPDAPAATVTDRPVTSSVAHFLAGLHPPVTRPSSPPSPSMPPASSNPSSPPSSSMPPASWAPPSPLSPPAPSLPPTSPPATAPETSAATGSDSVVRRVPVGPTGLGTTALSLARRQAAVPPDAVPAPSGPSAEGPVVPGLYHHPIPEPDPVRVAEVSRRIKRWAEDEVRLYPEEWEGQFDGFSVGRYMVACHPDAPTVDHLMLATRLMVAENAVDDCYCEDHGGSPVGLGGRLLLAHTALDHLHTTAEYAPEWSESLGSDAPRRAYRSAMDHFVRAATPSQADRYRHDMARLHLGYLAEAAWAETGHVPEVCEYLAMRQFNNFRPCPTITDTVGGYELPADLHARPDMQRVIALAGNATTIVNDLYSYTKELDSPGRHLNLPVVIAEREHLSDRDAYLKAVEVHNELMHAFEAAAAELAADCPVPAVLRFLRGVAAWVDGNHDWHRTNTYRYSLPDFW,D3KYU2,MIBS_STRLS,4.2.3.118,4,organophosphate_F,synthase capable of defluorinating 2-fluorolinalyl diphosphate,https://doi.org/10.1073/pnas.0802312105
MQFSKMHGLGNDFMVVDAVTQNVFFSPELIRRLADRHLGVGFDQLLVVEPPYDPELDFHYRIFNADGSEVAQCGNGARCFARFVRLKGLTNKRDIRVSTANGRMVLTVTDDDLVRVNMGEPNFEPSAVPFRANKAEKTYIMRAAEQTILCGVVSMGNPHCVIQVDDVDTAAVETLGPVLESHERFPERANIGFMQVVKREHIRLRVYERGAGETQACGSGACAAVAVGIQQGLLAEEVRVELPGGRLDIAWKGPGHPLYMTGPAVHVYDGFIHL,P0A6K1,DAPF_ECOLI,5.1.1.7,5,aminoacid_F,"epimerase capable of defluorinating 3-fluoro-2,6-diaminopimelic acid",https://doi.org/10.1093/nar/16.21.10367
MAGPLSGLRVVELAGIGPGPHAAMILGDLGADVVRIDRPSSVDGISRDAMLRNRRIVTADLKSDQGLELALKLIAKADVLIEGYRPGVTERLGLGPEECAKVNDRLIYARMTGWGQTGPRSQQAGHDINYISLNGILHAIGRGDERPVPPLNLVGDFGGGSMFLLVGILAALWERQSSGKGQVVDAAMVDGSSVLIQMMWAMRATGMWTDTRGANMLDGGAPYYDTYECADGRYVAVGAIEPQFYAAMLAGLGLDAAELPPQNDRARWPELRALLTEAFASHDRDHWGAVFANSDACVTPVLAFGEVHNEPHIIERNTFYEANGGWQPMPAPRFSRTASSQPRPPAATIDIEAVLTDWDG,O06543,AMACR_MYCTU,5.1.99.4,5,acylCoA_F,racemase capable of defluorinating 3-fluoro-2-methyldecanoyl-CoA,https://doi.org/10.1107/S0907444902020735
MAAAIEIKKQETTYFELTALGLLSLVIGVLAGAVDTFFGKILLFLSAFRESHFLPLILFLPIIGICFTYLFQKYGDRSPQGMNLVFLVGQEEEKDIPLRLIPFVMVGTWLTHLFGGSAGREGVAVQLGATIANRLGNWVRLEKYASTLIMIGMAAGFAGLFETPIAATFFALEVLVIGKFSHHALLPALLAAFTASTTSQWLGLEKFSLMLPQSVDLTIPVFLKLLVIGLIFGMVGGSFAGCLETMKRIMKRRFPNPLWRIGIGALALVLLFVLLYQGRYSGLGTNLISASFTNQPIYSYDWLLKLVLTVLTISSGFLGGEVTPLFAIGSSLGVVLAPLFGLPIELVAALGYASVFGSATSTLFAPIFIGGEVFGFQNLPFFVIVCSVAYFISKPYSIYPLQKTSAMGQTRGSGG,6D0J_1,6D0J_1,7.2._,7,anion_F,CLCF F-/H+ Antiporter,https://doi.org/10.2210/pdb6D0J/pdb
GSVSSVPTKLEVVAATPTSLLISWDASSSSVSYYRITYGETGGNSPVQEFTVPGSSSTATISGLSPGVDYTITVYAHGWLQWYMSPISINYQT,6D0J_2,6D0J_2,7.2._,7,anion_F,CLCF F-/H+ Antiporter,https://doi.org/10.2210/pdb6D0J/pdb
MLTYAPLNFIAIGIGATLGAWLRWVLGLKLNGAGWPWGTLTANLVGGYLIGVMVALIASHPEWPAWIRLAAVTGFLGGLTTFSTFSAETVDMLCRGVYATAAAYAGASLAGSLAMTGLGLATVRLLLR,5NKQ_1,5NKQ_1,7.2._,7,anion_F,Fluc F- channel,https://doi.org/10.2210/pdb5NKQ/pdb
SVSSVPTKLEVVAATPTSLLISWDAYYDEVMYYRITYGETGGNSPVQEFTVPGSSSTATISGLKPGVDYTITVYAYYDSYGHWSPISINYRT,5NKQ_2,5NKQ_2,7.2._,7,anion_F,Fluc F- channel,https://doi.org/10.2210/pdb5NKQ/pdb