prot,prot_len,accession,id,ec_class_fourth,ec_class_first,major_substrate_class,substrate_details,reference,comments
MSHRPIPQGADADPAWIAAHPQIQRVPSRDLTLFIRRNFLSPEECAGLIDRIEASRRPSTIADTNGDTGFRTSETCDLDRADHFIAAIDEKLAAFAGIDPVYGEPIQGQCYAVGQEFKAHTDYFEPCGIDFERYCAVAGNRTWTLMIYLNQPAAGGATRFVKIGKTVQPETGKLLAWNNRLEPGKYNGASLHHGMKVRSGVKHIITKWYRERRWA,215,A0A173KYN2,tr|A0A173KYN2|A0A173KYN2_9SPHN Procollagen-proline dioxygenase OS=Sphingobium sp. EP60837 OX=1855519 GN=EP837_02421 PE=4 SV=1,1.14.11.2,1,aminoacid_F,dioxygenase capable of defluorinating 4-fluoroproline,https://www.uniprot.org/uniprotkb/A0A173KYN2/entry,NA
MSIQRLGYLGFEVADVRSWRTFATTRLGMMEASASETEATFRIDSRAWRLSVSRGPADDYLFAGFEVDSEQGLQEVKESLQAHGVTVKVEGGELIAKRGVLGLISCTDPFGNRVEIYYGATELFERPFASPTGVSGFQTGDQGLGHYVLSVADVDAALAFYTKALGFQLADVIDWTIGDGLSVTLYFLYCNGRHHSFAFAKLPGSKRLHHFMLQANGMDDVGLAYDKFDAERAVVMSLGRHTNDHMISFYGATPSGFAVEYGWGAREVTRHWSVVRYDRISIWGHKFQAPA,295,P13453,"TODE_PSEP1 3-methylcatechol 2,3-dioxygenase OS=Pseudomonas putida",1.14.12.11,1,aromatic_F,"defluorination of 2,2-Difluoro-1,3-Benzodioxole",10.1128/mBio.03001-21,non-specific (cometabolic) defluorination
MTGDLNEFVAHFWPVRVVFGAGSTERIPAEVKRLGARRALVLCTPDQRDLAQRVLGDLGDLGAGFHDGAVMHVPEASVTRAAQAARDADADLLVAVGGGSTIGLAKALALHHGMRFVALPTTYAGSEMTPIWGLTADGAKRTGRDPRVLPSTVLYDPHHLTSLPPEVTGPSGMNAIAHAVESMYAPDRNPITMLLAEESIRAMAQGLPVAVDSPGDLDARTRTLYAAWLAGTVLGMVSMGLHHKLCHVLGGRFNLPHAPMHAVLLPHVAAFNEVAAPAELGRVAAALGAPGPGGAGAALHALLRFTCTERSLAAIGMPAQGIYDAAEHALADAYANPRQASREDIARLLRAAFTGEMPA,359,P94135,TFDF2_CUPPJ,1.3.1.32,1,othercarboxylate_F,reductase capable of defluorinating 2-fluoromalylacetate,10.1128/jb.177.2.320-325.1995,NA
MTKYNEAYCDVLIVGAGPAGVMAAAHLLSYGTTARPHRVRIFDATKEVNGSDESTESLSTDVIADALNSGASGPEKDAASTTEDLPMLVTTLQVSDVLHDTGDDTKIAYRETATEQQVLLLADTTANTSSTMNPRSMCEAGCRFHQIYQGHCFPEYELDSERLRSVDGRAQVLEDEHETGQLRLERLGRPEELLELDEENSMSVVTNLKAAPYKFLMKDVDENFPGELSTSGGKTTSISADESAIDAALHAVWDADDLGAAWHLDEASGLRAVDWNAAQWFKSGQPWTPDAAKSLQEGRVFLAGDARHRHPPLTGIGKNTSIADCYNLTWKLLGVLLGVARADPARTYVAERVYIRMRAATDIAVDAEMESLAAKWITVQLTLSRSWISSAKEAERWDAVLRDSAMSASKPMWTTSDMRASFDAGLMGHGHAHDHVTPTIKEFASSSISRSISELASTSWWESRGWGNGGPFESLMEDARWTGAVESNCRYAAYDRDAPVLHEHVAWVTRFTSRARTAVLEAAVGQAHVVDCWDVGLVEPALDDLDSAGAGLHVAHHADQWPAQLDEAVWPRESLSDWRIVTDTSATGEGYQTSPREAPGDYADLNADNAKAHFNGQFAGHKAYGDAAAADGGGCHGRILVGPAVRGRHLHREIPLGEECQRAAQPLFKEV,671,Q01551,TBUD_RALPI,1.14.13.7,1,aromatic_F,"monooxygenase capable of single defluorination of 2,3,5,6-tetrafluorophenol",10.1016/S0021-9258(18)88928-1,NA
MTTETIQSNANLAPLPPHVPEHLVFDFDMYNPSNLSAGVQEAWAVLQESNVPDLVWTRCNGGHWIATRGQLIREAYEDYRHFSSECPFIPREAGEAYDFIPTSMDPPEQRQFRALANQVVGMPVVDKLENRIQELACSLIESLRPQGQCNFTEDYAEPFPIRIFMLLAGLPEEDIPHLKYLTDQMTRPDGSMTFAEAKEALYDYLIPIIEQRRQKPGTDAISIVANGQVNGRPITSDEAKRMCGLLLVGGLDTVVNFLSFSMEFLAKSPEHRQELIERPERIPAACEELLRRFSLVADGRILTSDYEFHGVQLKKGDQILLPQMLSGLDERENACPMHVDFSRQKVSHTTFGHGSHLCLGQHLARREIIVTLKEWLTRIPDFSIAPGAQIQHKSGIVSGVQALPLVWDPATTKAV,415,P00183,CPXA_PSEPU,1.14.15.1,1,perfluoroalkenoate_F,reductive dehalogenation,10.1021/bi00087a014,NA
MALSQSVPFSATELLLASAIFCLVFWVLKGLRPRVPKGLKSPPEPWGWPLLGHVLTLGKNPHLALSRMSQRYGDVLQIRIGSTPVLVLSRLDTIRQALVRQGDDFKGRPDLYTSTLITDGQSLTFSTDSGPVWAARRRLAQNALNTFSIASDPASSSSCYLEEHVSKEAKALISRLQELMAGPGHFDPYNQVVVSVANVIGAMCFGQHFPESSDEMLSLVKNTHEFVETASSGNPLDFFPILRYLPNPALQRFKAFNQRFLWFLQKTVQEHYQDFDKNSVRDITGALFKHSKKGPRASGNLIPQEKIVNLVNDIFGAGFDTVTTAISWSLMYLVTKPEIQRKIQKELDTVIGRERRPRLSDRPQLPYLEAFILETFRHSSFLPFTIPHSTTRDTTLNGFYIPKKCCVFVNQWQVNHDPELWEDPSEFRPERFLTADGTAINKPLSEKMMLFGMGKRRCIGEVLAKWEIFLFLAILLQQLEFSVPPGVKVDLTPIYGLTMKHARCEHVQARLRFSIN,516,P05177,CP1A2_HUMAN,1.14.14.1,1,aromatic_F,oxidative defluorination of aromatic compounds,10.1002/anie.202310785,NA
MTSLESSYLDVVAFIFREARLLDDRSWDEWLECYDPEAVFWMPCWDDADTLVDDPRKHVSLIYYSDRMGLEDRVFRLRSERSGASTPEPRTTHNIANVEILERTERQIEARFNWHTMNYRYKLLDHYFGTSFYTLKVSSSGLSILNKKVVLKNDLIHQVIDVYHV,165,Q51602,CBDB_BURCE,1.14.12.13,1,aromatic_F,dioxygenase capable of defluorinating 2-fluorobenzoate,10.1128/jb.174.1.279-290.1992,NA
MSTPLIAGTGPSAVRQLISNAVQNDPVSGNFRCRRDIFTDAALFDYEMKYIFEQNWVFLAHESQVANPDDYLVSNIGRQPVIITRNKAGDVSAVINACSHRGAELCRRKQGNRSTFTCQFHGWTFSNTGKLLKVKDGQDDNYPEGFNVDGSHDLTRIPSFANYRGFLFGSMNPDACPIEEHLGGSKAILDQVIDQTPGELEVLRGSSSYIYDGNWKLQIENGADGYHVGSVHWNYVATIGRRDRTSDTIRTVDVTTWSKKNIGGTYTFEHGHMLLWTRLPNPEVRPVFARREELKARVGEEVADAIVNQTRNLCIYPNLYVMDQISTQIRVVRPISVDKTEVTIYCFAPRDESEEVRNARIRQYEDFFNVSGMGTPDDLEEFRACQSGYRGSAREWNDLSRGAPHWISGPDDNARRLGLAPLMSGARMEDEGLFVQQHTYWAETMLRGIEAEPKVFNVQPVEVAQ,465,Q51601,CBDA_BURCE,1.14.12.13,1,aromatic_F,dioxygenase capable of defluorinating 2-fluorobenzoate,10.1128/jb.174.1.279-290.1992,NA
MTITAGIDIGTGAVKTVLFRVEGDKTEWLAKRNDRIRQRDPFKLAEEAYNGLLEEAGLKASDVDYVATTGEGESLAFHTGHFYSMTTHARGAVYLNPEARAVLDIGALHGRAIRNDERGKVETYKMTSQCASGSGQFLENIARYLGIAQDEIGSLSTQADNPEVVSSICAVLAETDVINMVSRGISAPNILKGIHISMAGRLAKLLKSVGARDGVVLCTGGLALDEGLLKTLNESIQEQKMAVVAYNHPDSPYAGAIGAALWGAFRHEKLARLGQQQVAEAA,282,O87877,BCRD_THAAR,1.3.7.8,1,aromatic_F,reductive defluorination of 4-fluoroaromatics,10.1128/mbio.00990-16,NA
MSTADIIARCEALYEDLDFTAARQWKEADPSRKVIAYMPVYVPREIIHAAGMLPLGIMGGGDGLEVIHGDAFYQSYICRIPRSTIELGLSKRMDFVDGMLFPSICDVIRNLSGMWKLMFPGKYVRYFDVPQNYRDDVGGNYYTAELNELREGLEHLSGRKITDDALRASIKVYNENRKLVQDVYGLRSREPWKVPSADVYLLMRAGLVLPVEEHNQMLKDYLAAAVKVEAQKRDNCRVIINGSFCEQPPLNLIKSIELSGCYIVDDDYMIVHRFLRNEVSTAGDPMQNLSLAFLHESISTAAKYDDKEEDKGKYLLEQVRTNAAEGVIFAAPSFCDPALLERPMLADRCSENKVPYISFKYAENSGQMQPIREQAGTFADSIKLWS,386,O87874,BCRC_THAAR,1.3.7.8,1,aromatic_F,reductive defluorination of 4-fluoroaromatics,10.1128/mbio.00990-16,NA
MSAKTNPEVIKESSMVKQKEMIAGNYDRLTGTKESGEKVVSTFVPGNLNELIMCFDMVNNLPETNAIQNGMRKQSGGMIMDAEKAGHSEDVCTYVKADIGMMGRGNIAPNGKPMPAPDMLLLSYTGCFTFMKWFELLRHEYKCPTVMLQIPYQGDGKITKNMRDFVVKQLKEEVIPMFEQVSGVKFDIDRLREYLKNSAKAEDDLVWVLESAKNRPSPIDAYFGGVYYIGPMFTAFRGTADAVEYYGLLRGEIEQRIREGKGPITPEGDMKEEKYRLVVEGPPNWTSFREFWKLFYDEGAVVVASSYTKVGGLYDQGFRHDPNDPLGTLADYCLGCYTNNNLPQRVELLEKYMNEYQADGLLINSIKSCNSFSAGQLLMMREIEKRTGKPAAFIETDLVDPRYFSHANVKNRLESYFQMVDQKRSGASLATA,432,O87875,BCRB_THAAR,1.3.7.8,1,aromatic_F,reductive defluorination of 4-fluoroaromatics,10.1128/mbio.00990-16,NA
MECFVGIDLGSTTTKAVVMDDKGQVLGRGITNSRSNYDTAARVSKLEAFIDARLSLIRRELDKEPAVAGRVDEIIDGLTRNFRREQFIEQLGDLEQTCVANVEGPRFAGKEKAIVGALTEVFRRLREEEADKLFAPDAQRKSDFFRDLAGSRFMQIGEEVARANGVEFDHLLHMYDKSIIEVENRPPSADMNRKFRSAMERVRGEMSSALDTAALGAPIDAALEIDMSERYVVGTGYGRVRLPFPKEHIRSEILCHGLGAHLMYPKTRTVLDIGGQDTKGIQIDDKGIVVNFQMNDRCAAGTGRYLGYVADEMNMGLHELGPLAMKSTKSIRINSTCTVFAGAELRDRLALGDKREDILAGLHRAIMLRAMSIISRSGGITDQFTFTGGVAKNEAAVKELRQLVKENYGEVQINIDPDSIYTGALGASEFARRAVVEA,438,O87876,BCRA_THAAR,1.3.7.8,1,aromatic_F,reductive defluorination of 4-fluoroaromatics,10.1128/mbio.00990-16,NA
MSSLEARRTDRTDLPLPAAGDWEYGGYPYGLEPLTLPLASPGSSPAAHRRSDGSPPPWPGTWRTPSPEFPANAAVDLTDPLGVDRLFWFRWITGHQVTFVLWQLLASVLAESAEGPGGEARAAERARRYVRGYSLMLLYTSSCPRSVYDRLIRPHLALQHRHLSGAWARDYHPVRSLLRGRLPAGLDDAPLREECRLNHHVHEGIAAKLVPSGVSLLQQTNQHQEQRFLHRDRLSSLYDCVFLTVRAPASYEQVVTQLVRRLHAIGQDLAANGLYPAYAPSGHEEPAELRAPDVARCKETLLPDLSRICDSATAAAS,317,ANS62459.1,ANS62459.1 LmbB2 [Streptomyces lincolnensis],1.11.2.6,1,aminoacid_F,Peroxygenase capable of defluorinating 3-fluoro-tyrosine,10.1007/s002030050578,NA
MDFNLTDIQQDFLKLAHDFGEKKLAPTVTERDHKGIYDKELIDELLSLGITGAYFEEKYGGSGDDGGDVLSYILAVEELAKYDAGVAITLSATVSLCANPIWQFGTEAQKEKFLVPLVEGTKLGAFGLTEPNAGTDASGQQTIATKNDDGTYTLNGSKIFITNGGAADIYIVFAMTDKSKGNHGITAFILEDGTPGFTYGKKEDKMGIHTSQTMELVFQDVKVPAENMLGEEGKGFKIAMMTLDGGRIGVAAQALGIAEAALADAVEYSKQRVQFGKPLCKFQSISFKLADMKMQIEAARNLVYKAACKKQEGKPFTVDAAIAKRVASDVAMRVTTEAVQIFGGYGYSEEYPVARHMRDAKITQIYEGTNEVQLMVTGGALLR,383,Q06319,ACDS_MEGEL,1.3.8.1,1,acylCoA_F,dehydrogenase capable of defluorinating 3-fluoropropionyl-CoA,10.1021/bi00269a011,NA
MYFSEQNKMIRKLARDFAEKELTTEILDEVEESGEFPQEILDKMAKFGFFGIKIPKSLGGSGGDHMSYVICMEEFARVSGVASVYLSSPNSLAGGPLLLSGTEEQIEKYLKPIITGKKKLAFALTEPGAGSDAGGMSTTAVDMGDYYLLNGRKTFITMAPLCDDAVIYAKTDMSKGTRGISAFIVDLKSEGVSMGKNEHKMGLIGCATSDIIMEDVKVPKENRLGEVNKGFSNAMKTLDVGRLGVASQSIGVAQGALDEAIKYAKERKQFGKRIADFQAIAFMIADMATKLEAAKLLVYNAASLMDNKKNATKEASMAKFYASEICNEICAKAVQIHGGYGYIKEYKVERMYRDCRVFTIYEGTSQVQQMVISGMLLKK,379,6FAH_3,"6FAH_3|Chains C, D|Caffeyl-CoA reductase-Etf complex subunit CarC|Acetobacterium woodii (strain ATCC 29683 / DSM 1030 / JCM 2381 / KCTC 1655 / WB1) (931626)",1.3.1.108,1,perfluoroalkenoate_F,"reductive defluorination of alpha,beta-unsaturated per- and polyfluorocarboxylic acids",10.1126/sciadv.ado2957,NA
MRILVCAKQVPDTNEVKIDPKTGTMIREGVPSILNPDDANALEAALVIKDENPGTEVIVMTMGPPQASEMLRECLAMGADEAYLLSDRAFGGADTWATSATLAAGIKKVKKVDLVLAGRQAIDGDTAQVGSQIAQRLKMPVVTYVEDIKIEDKKAIVHRQMEDGYEVIEVQLPCLLTCVKELNDPRYMSVGGIMDAYEQPITIWNHEDIGLSPEACGLNASPTQVFRSFSPPAKGGGEMITGTTVNEVAGSLVSKLKEKHII,262,6FAH_2,"6FAH_2|Chains B, F|Caffeyl-CoA reductase-Etf complex subunit CarD|Acetobacterium woodii (strain ATCC 29683 / DSM 1030 / JCM 2381 / KCTC 1655 / WB1) (931626)",1.3.1.108,1,perfluoroalkenoate_F,"reductive defluorination of alpha,beta-unsaturated per- and polyfluorocarboxylic acids",10.1126/sciadv.ado2957,NA
MAIKVIEEKCIGCSKCQKSCPFDAITIENKIAVIGDACTNCGTCIDVCPTEAILQEGTEKIVRDLSMYKGVWVFAEQREGKIMPVVFELLGEGKKLANEIGTELCAILCGSNVAELTDELFAYGADKVYLADAPELEKYTTDGYSKIINEAIGLYKPEIVLYGATHIGRDLAPCLAVKVNTGLTADCTKLEIDPDDKKIRQTRPAFGGNLMATIVCPGSRPQMSTVRPGVMDKAAYDPSQKGEVIKLDATFNEGDIRTKVLEIVKTTTDNISISDADFIVSGGMGLGKPEGFELLKQLADKLGGTVATSRACVDAGWADHAQQVGQTGTTVKPQIYFACGISGAIQHIAGMQDSDIIIAINKNENAPIFEVADYGIVGDLYKVIPAIIEELDKIGK,396,6FAH_1,"6FAH_1|Chains A, E|Caffeyl-CoA reductase-Etf complex subunit CarE|Acetobacterium woodii (strain ATCC 29683 / DSM 1030 / JCM 2381 / KCTC 1655 / WB1) (931626)",1.3.1.108,1,perfluoroalkenoate_F,"reductive defluorination of alpha,beta-unsaturated per- and polyfluorocarboxylic acids",10.1126/sciadv.ado2957,NA
MAPPHQFQSKPSDVIRRRLSSAVSSKRPNIPGYTSLTPMWAGIAGAVVNNNTQFEVAISIHDSVYNTDFASSVVPYSPNEPEAQAGIIEKHVLETLRKFSTEHMCKFLGAGVTVILLREAPNLCTRLWLDMDIVPIVFNIKPFHTDSITRPNVRHRISSTTGSYVPSGAETPTVYYDPAQLQDPNKLSANVQTRLPIPRTVDEQADSAARKCIMYFGPGNNPRLQIGPRNQVAVDAGGKIHLIDDIDEYRKTVGKGTWNSVIKLADELREKKIKIGFFSSTPQGGGVALMRHAIIRFFTALDVDAAWYVPNPSPSVFRTTKNNHNILQGVADPSLRLTKEAADNFDSWILKNGLRWTAEGGPLAPGGVDIAFIDDPQMPGLIPLIKRIRPDLPIIYRSHIEIRSDLVHVKGSPQEEVWNYLWNNIQHSDLFISHPVNKFVPSDVPLEKLALLGAATDWLDGLSKHLDAWDSQYYMGEFRNLCVKEKMNELGWPAREYIVQIARFDPSKGIPNVIDSYARFRKLCVDKVMEDDIPQLLLCGHGAVDDPDASIIYDQVLQLIHAKYKEYAPDIVVMRCPPSDQLLNTLMANAKFALQLSTREGFEVKVSEALHAGKPVIACRTGGIPLQIEHGKSGYLCEPGDNAAVAQHMLDLYTDEDLYDTMSEYARTHVSDEVGTVGNAAAWMYLAVMYVSRGVKLRPHGAWINDLMRTEMGEPYRPGEPRLPRGELHVQG,732,O75003,TREPH_GRIFR,2.4.1.231,2,sugar_F,phosphorylase capable of defluorinating fluorinated sugars,https://www.uniprot.org/uniprotkb/O75003/entry,NA
MKNKVQLITYADRLGDGTIKSMTDILRTRFDGVYDGVHILPFFTPFDGADAGFDPIDHTKVDERLGSWDDVAELSKTHNIMVDAIVNHMSWESKQFQDVLAKGEESEYYPMFLTMSSVFPNGATEEDLAGIYRPRPGLPFTHYKFAGKTRLVWVSFTPQQVDIDTDSDKGWEYLMSIFDQMAASHVSYIRLDAVGYGAKEAGTSCFMTPKTFKLISRLREEGVKRGLEILIEVHSYYKKQVEIASKVDRVYDFALPPLLLHALSTGHVEPVAHWTDIRPNNAVTVLDTHDGIGVIDIGSDQLDRSLKGLVPDEDVDNLVNTIHANTHGESQAATGAAASNLDLYQVNSTYYSALGCNDQHYIAARAVQFFLPGVPQVYYVGALAGKNDMELLRKTNNGRDINRHYYSTAEIDENLKRPVVKALNALAKFRNELDAFDGTFSYTTDDDTSISFTWRGETSQATLTFEPKRGLGVDNTTPVAMLEWEDSAGDHRSDDLIANPPVVA,504,A0ZZH6,SUCP_BIFAA,2.4.1.7,2,sugar_F,phosphorylase capable of defluorinating fluorinated sugars,10.1007/s00253-003-1534-x,NA
MQSVAFMIDLSIKSLRGILMKQIKRLFQIDPWKIRTTHLDKENLRLQESLTSIGNGYMGMRGNFEEHYSGDHHQGTYLAGVWYPDKTRVGWWKNGYPEYFGKVINAINFIAMDLQIDGQTIDLATTPYEDFSLELDMQNGVLSRQFTIQTPKNKVRFSFERFLSLEKKEAAYIHLTIEMLEGTGTITLHSKLDGDVQNEDSNYEEHFWEEIAIETQETLGFVTTKTIPNNFEIERFTVTAGMRHFIDGASVVPTYTQQPLALTAELTVSLNEGETTAITKEVLVVTSRDVPETQQITRVNELFSEMTTLYPEAKAGQAAAWAKRWQLADVVIEGDDEAQQGIRFNLFQLFSTYYGEDDRLNIGPKGFTGEKYGGATYWDTEAYAVPLYLALAKPEVTKNLLKYRHNQLPQAIHNAQQQGLKGALYPMVTFTGVECHNEWEITFEEIHRNGAIAYAIYNYVNYTGDQDYLKDAGLEVLVAIARFWADRVHFSQRHKQYMIHGVTGPNEYENNINNNWYTNTIAAWVLRYTRESYLKFQEETTLKIADDELAKWADIVENMYFPVDNELGIFVQHDTFLDKDLMPVSDLPLSELPLNQHWSWDKILRSCFIKQADVLQGIYFFNDAFSLEEKRRNFNFYEPMTVHESSLSPSIHAVLAAELGMEEKAVEMYQRTARLDLDNYNNDTEDGLHITSMTGSWLAIVQGFAQMKTDHQQLKFAPFLPATWTAYSFHINYRNRLLFVEVAADQVAFTLLDGPAIPLTVYDQKYTLKDRLVLPIRKEEVHV,783,E6ENP7,MALPY_ENTFT,2.4.1.8,2,sugar_F,phosphorylase capable of defluorinating fluorinated sugars,10.1111/mmi.12183,NA
MKLFYKPGACSLASHITLRESGKDFTLVSVDLMKKRLENGDDYFAVNPKGQVPALLLDDGTLLTEGVAIMQYLADSVPDRQLLAPVNSISRYKTIEWLNYIATELHKGFTPLFRPDTPEEYKPTVRAQLEKKLQYVNEALKDEHWICGQRFTIADAYLFTVLRWAYAVKLNLEGLEHIAAFMQRMAERPEVQDALSAEGLK,201,P0A9D2,GSTA_ECOLI,2.5.1.18,2,aromatic_F,"transferase capable of defluorinating 1-fluoro-2,4-dinitrobenzene",10.1016/S0021-9258(18)31667-3,NA
MNSNKELMQRRSQAIPRGVGQIHPIFADRAENCRVWDVEGREYLDFAGGIAVLNTGHLHPKVVAAVEAQLKKLSHTCFQVLAYEPYLELCEIMNQKVPGDFAKKTLLVTTGSEAVENAVKIARAATKRSGTIAFSGAYHGRTHYTLALTGKVNPYSAGMGLMPGHVYRALYPCPLHGISEDDAIASIHRIFKNDAAPEDIAAIVIEPVQGEGGFYASSPAFMQRLRALCDEHGIMLIADEVQSGAGRTGTLFAMEQMGVAPDLTTFAKSIAGGFPLAGVTGRAEVMDAVAPGGLGGTYAGNPIACVAALEVLKVFEQENLLQKANDLGQKLKDGLLAIAEKHPEIGDVRGLGAMIAIELFEDGDHNKPDAKLTAEIVARARDKGLILLSCGPYYNVLRILVPLTIEDAQIRQGLEIISQCFDEAKQ,426,P22256,GABT_ECOLI,2.6.1.19,2,aminoacid_F,transaminase capable of defluorinating 4-amino-3-fluorobutanoic acid,10.1128/jb.172.12.7035-7042.1990,NA
MAANSTRRPIIAFMSDLGTTDDSVAQCKGLMYSICPDVTVVDVCHSMTPWDVEEGARYIVDLPRFFPEGTVFATTTYPATGTTTRSVAVRIKQAAKGGARGQWAGSGAGFERAEGSYIYIAPNNGLLTTVLEEHGYLEAYEVTSPKVIPEQPEPTFYSREMVAIPSAHLAAGFPLSEVGRPLEDHEIVRFNRPAVEQDGEALVGVVSAIDHPFGNVWTNIHRTDLEKAGIGYGARLRLTLDGVLPFEAPLTPTFADAGEIGNIAIYLNSRGYLSIARNAASLAYPYHLKEGMSARVEAR,299,Q70GK9,FLA_STRCT,2.5.1.63,2,nucleoside_F,capable of defluorinating 5'-deoxy-5'-fluoroadenosine (can catalyze rxn both ways),10.1038/nature02280,NA
MKFGYFDDKNREYVIVTPRTPYPWINYLGTEDFFSIISHMAGGYCFYKDARLRRITRFRYNNVPTDAGGRYFYIREEDGDFWSPTWMPVRRDLSFFEARHGLGYTKIAGERNGLRATITFFVPRHFTGEVHHLVLQNRTERPRRIKLFSFIEFCLWNALDDMTNFQRNYSTGEVEIEGSVIYHKTEYRERRNHYAFYSVNHSIDGFDTDRESFMGLYNGFEAPQAVVEGNPRNSVASGWAPIASHYLELEIPPLGEKELIFILGYVENPEEEKWERPGVINKKRAKEMIERFKTGEDVERALKELKEYWDELLGRIQVETHDEKLNRMVNIWNQYQCMVTFNIARSASYFESGISRGIGFRDSNQDILGFVHMIPEKARQRILDLASIQFEDGSTYHQFQPLTKKGNNEIGGGFNDDPLWLILSTSAYIKETGDWSILNEEVPFDNDPDKKATLFEHLKRSFYFTVNNLGPHGLPLIGRADWNDCLNLNCFSKNPDESFQTTVNALDGRVAESVFIAGLFVLAGKEFVEICRRLGLEDEAKEAEKHVKKMIETTLEYGWDGEWFLRAYDAFGRKVGSKECEEGKIFIEPQGMCVMAGIGVENGYAKKALDSVKEHLDTPYGLVLQQPAYSRYYIELGEISSYPPGYKENAGIFCHNNPWVAIAETVIGRGDRAFEIYRKITPAYLEDISEIHRTEPYVYAQMVAGKDAPRHGEAKNSWLTGTAAWSFVAITQYILGVRPTYDGLMVDPCIPEDWDGFKITRRFRGATYEITVKNPHHVSKGVKEIIVDGKKIEGQVLPVFNDGKVHRVEVLMG,813,B9K7M6,CBPA_THENN,2.4.1.20,2,sugar_F,phosphorylase capable of defluorinating fluorinated sugars,https://pubmed.ncbi.nlm.nih.gov/11042119/,NA
MKLKVTVNGTAYDVDVDVDKSHENPMGTILFGGGTGGAPAPRAAGGAGAGKAGEGEIPAPLAGTVSKILVKEGDTVKAGQTVLVLEAMKMETEINAPTDGKVEKVLVKERDAVQGGQGLIKIG,123,P02904,BCCP_PROFR,2.1.3.1,2,acylCoA_F,carboxytransferase capable of defluorinating 3-fluoropropionyl-CoA,10.1016/S0021-9258(19)86289-0,NA
MSIPADIASLISDKYKSAFDNGNLKFIQTETTKTKDPKTSMPYLISHMPSLIEKPERGQTPEGEDPLGKPEEELTVIPEFGGADNKAYKLLLNKFPVIPEHTLLVTNEYQHQTDALTPTDLLTAYKLLCALDNEESDKRHMVFYNSGPASGSSLDHKHLQILQMPEKFVTFQDRLCNGKEHFLPTFNTEPLQDAKVSFAHFVLPMPESEETVDEDLLAMCYISILQRALTFFQDWLNENPELKKSYNLMLTKEWICVVPRSKAFSDEMKIGFNSTGYCGMILTKNDEVFSKITEKPELINDILLECGFPNTSGQKPNEYNY,321,P16550,APA1_YEAST,2.7.7.5,2,nucleoside_F,transferase capable of defluorinating adenosine 5'-phosphofluoride,10.1128/jb.171.12.6437-6445.1989,NA
MSPREIEVSEPREVGITELVLRDAHQSLMATRMAMEDMVGACADIDAAGYWSVECWGGATYDSCIRFLNEDPWERLRTFRKLMPNSRLQMLLRGQNLLGYRHYNDEVVDRFVDKSAENGMDVFRVFDAMNDPRNMAHAMAAVKKAGKHAQGTICYTISPVHTVEGYVKLAGQLLDMGADSIALKDMAALLKPQPAYDIIKAIKDTYGQKTQINLHCHSTTGVTEVSLMKAIEAGVDVVDTAISSMSLGPGHNPTESVAEMLEGTGYTTNLDYDRLHKIRDHFKAIRPKYKKFESKTLVDTSIFKSQIPGGMLSNMESQLRAQGAEDKMDEVMAEVPRVRKAAGFPPLVTPSSQIVGTQAVFNVMMGEYKRMTGEFADIMLGYYGASPADRDPKVVKLAEEQSGKKPITQRPADLLPPEWEKQSKEAATLKGFNGTDEDVLTYALFPQVAPVFFEHRAEGPHSVALTDAQLKAEAEGDEKSLAVAGPVTYNVNVGGTVREVTVQQA,505,Q70AC7,5S_PROFR,2.1.3.1,2,acylCoA_F,carboxytransferase capable of defluorinating 3-fluoropropionyl-CoA,10.1016/S0021-9258(19)86289-0,NA
MAENNNLKLASTMEGRVEQLAEQRQVIEAGGGERRVEKQHSQGKQTARERLNNLLDPHSFDEVGAFRKHRTTLFGMDKAVVPADGVVTGRGTILGRPVHAASQDFTVMGGSAGETQSTKVVETMEQALLTGTPFLFFYDSGGARIQEGIDSLSGYGKMFFANVKLSGVVPQIAIIAGPCAGGASYSPALTDFIIMTKKAHMFITGPQVIKSVTGEDVTADELGGAEAHMAISGNIHFVAEDDDAAELIAKKLLSFLPQNNTEEASFVNPNNDVSPNTELRDIVPIDGKKGYDVRDVIAKIVDWGDYLEVKAGYATNLVTAFARVNGRSVGIVANQPSVMSGCLDINASDKAAEFVNFCDSFNIPLVQLVDVPGFLPGVQQEYGGIIRHGAKMLYAYSEATVPKITVVLRKAYGGSYLAMCNRDLGADAVYAWPSAEIAVMGAEGAANVIFRKEIKAADDPDAMRAEKIEEYQNAFNTPYVAAARGQVDDVIDPADTRRKIASALEMYATKRQTRPAKKHGNFPC,524,Q8GBW6,12S_PROFR,2.1.3.1,2,acylCoA_F,carboxytransferase capable of defluorinating 3-fluoropropionyl-CoA,10.1016/S0021-9258(19)86289-0,NA
MSHFLYGANVQANGIRQHYLRYGGQGPVVILIPGITSPAITWGFVAERLAEKYDTYVLDVRGRGLSASGPDLAYDAETCAQDITSFACALQLENYALLGHSMGARFALRAAALHPAGVRRLVLIDPPVSGPGRREYPGKWPWYVDSIRQSLLGMNAEQMRTYCPNWSESQRQLRAEWLHTCYEPAIQRAYEDFHQVDSHRDYPALSMPTLLMVAGLGGVIQQEDEAEIRALQPEITLAHVENAGHMIPWDDFDGFFRALGNFLD,264,WHM00222.1,"WHM00222.1 hydrolase, partial [Serratia liquefaciens]",3.8.1.3?,3,aminoacid_F,hydrolase capable of degrading monofluorinated compounds,10.1021/acs.est.3c01240,NA
MLTEGLSIDAKGGGRFGAHLQLPARGRGPVVMVAQEIFGVNPFMTEVLAWLASEGFVGLCPDLYWRHGPGIEFDPNDEVQRARALGMFRDYKLEDGVADLRATVAYAASQPFCDGGVAVIGYCLGGALAYEVAAEGFAQCCVGYYGVGFEKRLERARLVKTPSMFHMGTNDHFVTAEARQLITNAFEANPAIALHWYDAGHSFARASSPNFSPEATRTANARTLEMLKRMKPIGTIGQ,238,P27100,TCBE_PSESQ,3.1.1.45,3,othercarboxylate_F,carboxymethylenebutenolidase capable of defluorinating 4-fluoromuconolactone,10.1128/jb.185.23.6790-6800.2003,NA
MKKTTEGAFYTREYRNLFKEFGYSEAEIQERVKDTWEQLFGDNPETKIYYEVGDDLGYLLDTGNLDVRTEGMSYGMMMAVQMDRKDIFDRIWNWTMKNMYMTEGVHAGYFAWSCQPDGTKNSWGPAPDGEEYFALALFFASHRWGDGDEQPFNYSEQARKLLHTCVHNGEGGPGHPMWNRDNKLIKFIPEVEFSDPSYHLPHFYELFSLWANEEDRVFWKEAAEASREYLKIACHPETGLAPEYAYYDGTPNDEKGYGHFFSDSYRVAANIGLDAEWFGGSEWSAEEINKIQAFFADKEPEDYRRYKIDGEPFEEKSLHPVGLIATNAMGSLASVDGPYAKANVDLFWNTPVRTGNRRYYDNCLYLFAMLALSGNFKIWFPEGQEEEH,388,Q9KB30,REOX_HALH5,3.2.1.156,3,sugar_F,xylanase capable of defluorinating xylobiosyl fluoride,10.1093/nar/28.21.4317,NA
MPDLADLFPGFGSEWINTSSGRIFARVGGDGPPLLLLHGFPQTHVMWHRVAPKLAERFKVIVADLPGYGWSDMPESDEQHTPYTKRAMAKQLIEAMEQLGHVHFALAGHDRGARVSYRLALDSPGRLSKLAVLDILPTYEYWQRMNRAYALKIYHWSFLAQPAPLPENLLGGDPDFYVKAKLASWTRAGDLSAFDPRAVEHYRIAFADPMRRHVMCEDYRAGAYADFEHDKIDVEAGNKIPVPMLALWGASGIAQSAATPLDVWRKWASDVQGAPIESGHFLPEEAPDQTAEALVRFFSAAP,302,Q6NAM1,Q6NAM1_DEHA_Rhodopseudomonas_palustris,3.8.1.3,3,acetate_F,Fluoroacetate dehalogenase (EC 3.8.1.3),10.1021/ja200277d,Rhodopseudomonas palustris
MQTRRVVLKSAAAAGTLLGGLAGCASVAGSIGTGDRINTVRGPITISEAGFTLTHEHICGSSAGFLRAWPEFFGSRKALAEKAVRGLRRARAAGVRTIVDVSTFDIGRDVSLLAEVSRAADVHIVAATGLWFDPPLSMRLRSVEELTQFFLREIQYGIEDTGIRAGIIKVATTGKATPFQELVLKAAARASLATGVPVTTHTAASQRDGEQQAAIFESEGLSPSRVCIGHSDDTDDLSYLTALAARGYLIGLDHIPHSAIGLEDNASASALLGIRSWQTRALLIKALIDQGYMKQILVSNDWLFGFSSYVTNIMDVMDRVNPDGMAFIPLRVIPFLREKGVPQETLAGITVTNPARFLSPTLRAS,365,P0A434,OPD_BREDI,3.1.8.1,3,organophosphate_F,aryldialkylphosphatase capable of defluorinating several compounds,10.1128/jb.170.5.2306-2311.1988,NA
MKRKMLKRLLTSAFACMFIANGLITTTVRAVGPKTGEENQVLVPNLNPTPENLEVVGDGFKITSSINLVGEEEADENAVNALREFLTANNIEINSENDPNSTTLIIGEVDDDIPELDEALNGTTAENLKEEGYALVSNDGKIAIEGKDGDGTFYGVQTFKQLVKESNIPEVNITDYPTVSARGIVEGFYGTPWTHQDRLDQIKFYGENKLNTYIYAPKDDPYHREKWREPYPESEMQRMQELINASAENKVDFVFGISPGIDIRFDGDAGEEDFNHLITKAESLYDMGVRSFAIYWDDIQDKSAAKHAQVLNRFNEEFVKAKGDVKPLITVPTEYDTGAMVSNGQPRAYTRIFAETVDPSIEVMWTGPGVVTNEIPLSDAQLISGIYNRNMAVWWNYPVTDYFKGKLALGPMHGLDKGLNQYVDFFTVNPMEHAELSKISIHTAADYSWNMDNYDYDKAWNRAIDMLYGDLAEDMKVFANHSTRMDNKTWAKSGREDAPELRAKMDELWNKLSSKEDASALIEELYGEFARMEEACNNLKANLPEVALEECSRQLDELITLAQGDKASLDMIVAQLNEDTEAYESAKEIAQNKLNTALSSFAVISEKVAQSFIQEALSFDLTLINPRTVKITASSEETSGENAPASFASDGDMNTFWHSKWSSPAHEGPHHLTLELDNVYEINKVKYAPRQDSKNGRITGYKVSVSLDGENFTEVKTGTLEDNAAIKFIEFDSVDAKYVRLDVTDSVSDQANGRGKFATAAEVNVHGKLKENAEVTGSVSLEALEEVQVGENLEVGVGIDELVNAEAFAYDFTLNYDENAFEYVEAISDDGVFVNAKKIEDGKVRVLVSSLTGEPLPAKEVLAKVVLRAEAKAEGSNLSVTNSSVGDGEGLVHEIAGTEKTVNIIEGTSPEIVVNPVRDFKASEINKKNVTVTWTEPETTEGLEGYILYKDGKKVAEIGKDETSYTFKKLNRHTIYNFKIAAKYSNGEVSSKESLTLRTAR,1001,Q0TR53,OGA_CLOP1,3.2.1.169,3,sugar_F,capable of defluorinating fluorinated GlcNAc variant,10.1101/gr.5238106,NA
MRPLRPRAALLALLASLLAAPPVAPAEAPHLVHVDAARALWPLRRFWRSTGFCPPLPHSQADQYVLSWDQQLNLAYVGAVPHRGIKQVRTHWLLELVTTRGSTGRGLSYNFTHLDGYLDLLRENQLLPGFELMGSASGHFTDFEDKQQVFEWKDLVSSLARRYIGRYGLAHVSKWNFETWNEPDHHDFDNVSMTMQGFLNYYDACSEGLRAASPALRLGGPGDSFHTPPRSPLSWGLLRHCHDGTNFFTGEAGVRLDYISLHRKGARSSISILEQEKVVAQQIRQLFPKFADTPIYNDEADPLVGWSLPQPWRADVTYAAMVVKVIAQHQNLLLANTTSAFPYALLSNDNAFLSYHPHPFAQRTLTARFQVNNTRPPHVQLLRKPVLTAMGLLALLDEEQLWAEVSQAGTVLDSNHTVGVLASAHRPQGPADAWRAAVLIYASDDTRAHPNRSVAVTLRLRGVPPGPGLVYVTRYLDNGLCSPDGEWRRLGRPVFPTAEQFRRMRAAEDPVAAAPRPLPAGGRLTLRPALRLPSLLLVHVCARPEKPPGQVTRLRALPLTQGQLVLVWSDEHVGSKCLWTYEIQFSQDGKAYTPVSRKPSTFNLFVFSPDTGAVSGSYRVRALDYWARPGPFSDPVPYLEVPVPRGPPSPGNP,653,P35475,IDUA_HUMAN,3.2.1.76,3,polysaccharide_F,iduronidase capable of defluorinating fluorinated iduron,10.1073/pnas.88.21.9695,NA
MLTTPPRRLAAPVPGAEGPIQDHDGRWFVVSSAGPILELLDGGGTREHARTDGGPAGMQVDADNRLWLIDSKLGVLRIDPDGSVEPVVTEQDGRPLKGCNDGALDDDGNLYFTVPDGSGLDARHGRVCCRLLDGTVRTVAEGFAFCNGLAVGPDNRTLIVAETMTRKLIAFDLPEPGVLANRRDFATLPGGNEIGADGIDFDAEGRLVVANYGEGELDVFDADGGLLDRVELPFGEVTNLHLGGPDGRDLILTEHETPGVWKTRWPVPGIRQSRACRPR,279,I0ICV4,I0ICV4_PHYMF,3.1.8.2,3,organophosphate_F,fluorophosphatase,https://www.ncbi.nlm.nih.gov/datasets/genome/GCF_000284115.1/,NA
MSYRVKRMLMLLVTGLFLSLSTFAASASAQTGGSFYEPFNNYNTGLWQKADGYSNGNMFNCTWRANNVSMTSLGEMRLSLTSPSYNKFDCGENRSVQTYGYGLYEVNMKPAKNVGIVSSFFTYTGPTDGTPWDEIDIEFLGKDTTKVQFNYYTNGVGNHEKIVNLGFDAANSYHTYAFDWQPNSIKWYVDGQLKHTATTQIPQTPGKIMMNLWNGAGVDEWLGSYNGVTPLSRSLHWVRYTKR,243,P27051,GUB_BACLI,3.2.1.73,3,polysaccharide_F,licheninase capable of defluorinating fluorinated glucans,10.1111/j.1432-1033.1991.tb15916.x,NA
MIMNMKNIFYCLLPGLLLGACSNKVYEKTGDSVIVKVQHKETGGPRLVRLQVMGDKLIHVSATADSKFADPQSLIVVPQKKQTSFAVVQNGDTITVSTEEVKASVLASTGEVWFTDKNGELILQENKGGGKTFTPIEVEGTKGYTVCQVFESPEDEAFYGLGQHQADEFNYKGKNEELFQYNTKVSVPFVVSNKNYGILLDSYSFCRFGNPNDYSQLNRIFKLYDKTGQEGALTGTYVPKKGETLVRREDSIYFENLKTIENLPKKLPLMGAKVTYEGEIEPAQTGEFKFILYYAGYVKVYLNNEPVVPERWRTAWNPNSYKFAAHLEAGKRVPLKIEWQPDGGQSYCGLRALTPVNPEEQGKQSWWSEMTKQLDYYFMAGENMDDVISGYRSLTGKSPVMPKWAMGFWQSREKYNTQEEMLGALKGFRDRKIPLDNIVLDWNHWPENAWGSHEFDKARFPDPKAMVDSIHAMHARMMISVWPKFYVTTEHFKEFDENGWMYQQSVKDSLKDWVGPGYHYGFYDAYDPDARKLFWKQMYEHYYPLGIDAWWMDASEPNVRDCTDLEYRKALCGPTALGSSTEFFNAYALMNAEAIYDGQRGVDNNKRVFLLTRSGFAGLQRYSTATWSGDIGTRWEDMKAQISAGLNFAMSGIPYWTMDIGGFCVENRYVAGQKQWNATKTENADYKEWRELNTRWYQFGAFVPLYRAHGQYPFREIWEIAPEGHPAYQSVVYYTKLRYNMMPYIYSLAGMTWFDDYTIMRPLVMDFTADAEVNDIGDQFMFGPSFMVSPVYRYGDRSREIYFPQAEGWYDFYSGKFQAGGERKVIEAPYERIPLYVRAGAIIPFGDDIQYTDEKPAEHIRLYIYQGADGEFTLYEDEGVNYNYEQGMYAMIPMKYDEATKTLVIGERQGEFPGMLKERTFTVVTVNKEKAQPFDLNAKGVTVKYNGSEQTLKL,954,A7LXT0,GH31A_BACO1,3.2.1.177,3,sugar_F,xylohydrolase capable of defluorinating xylopyrasonyl fluoride,10.1038/nature12907,NA
MNRSLLLRLSDTGEPITSCSYGKGVLTLPPIPLPKDAPKDQPLYTVKLLVSAGSPVARDGLVWTNCPPDHNTPFKRDKFYKKIIHSSFHEDDCIDLNVYAPGSYCFYLSFRNDNEKLETTRKYYFVALPMLYINDQFLPLNSIALQSVVSKWLGSDWEPILSKIAAKNYNMVHFTPLQERGESNSPYSIYDQLQFDQEHFKSPEDVKNLVEHIHRDLNMLSLTDIVFNHTANNSPWLVEHPEAGYNHITAPHLISAIELDQELLNFSRNLKSWGYPTELKNIEDLFKIMDGIKVHVLGSLKLWEYYAVNVQTALRDIKAHWNDESNESYSFPENIKDISSDFVKLASFVKDNVTEPNFGTLGERNSNRINVPKFIQLLKLINDGGSDDSESSLATAQNILNEVNLPLYREYDDDVSEILEQLFNRIKYLRLDDGGPKQGPVTVDVPLTEPYFTRFKGKDGTDYALANNGWIWNGNPLVDFASQNSRAYLRREVIVWGDCVKLRYGKSPEDSPYLWERMSKYIEMNAKIFDGFRIDNCHSTPIHVGEYFLDLARKYNPNLYVVAELFSGSETLDCLFVERLGISSLIREAMQAWSEEELSRLVHKHGGRPIGSYKFVPMDDFSYPADINLNEEHCFNDSNDNSIRCVSEIMIPKILTATPPHALFMDCTHDNETPFEKRTVEDTLPNAALVALCSSAIGSVYGYDEIFPHLLNLVTEKRHYDISTPTGSPSIGITKVKATLNSIRTSIGEKAYDIEDSEMHVHHQGQYITFHRMDVKSGKGWYLIARMKFSDNDDPNETLPPVVLNQSTCSLRFSYALERVGDEIPNDDKFIKGIPTKLKELEGFDISYDDSKKISTIKLPNEFPQGSIAIFETQQNGVDESLDHFIRSGALKATSSLTLESINSVLYRSEPEEYDVSAGEGGAYIIPNFGKPVYCGLQGWVSVLRKIVFYNDLAHPLSANLRNGHWALDYTISRLNYYSDEAGINEVQNWLRSRFDRVKKLPSYLVPSYFALIIGILYGCCRLKAIQLMSRNIGKSTLFVQSLSMTSIQMVSRMKSTSILPGENVPSMAAGLPHFSVNYMRCWGRDVFISLRGMLLTTGRFDEAKAHILAFAKTLKHGLIPNLLDAGRNPRYNARDAAWFFLQAVQDYVYIVPDGEKILQEQVTRRFPLDDTYIPVDDPRAFSYSSTLEEIIYEILSRHAKGIKFREANAGPNLDRVMTDKGFNVEIHVDWSTGLIHGGSQYNCGTWMDKMGESEKAGSVGIPGTPRDGAAIEINGLLKSALRFVIELKNKGLFKFSDVETQDGGRIDFTEWNQLLQDNFEKRYYVPEDPSQDADYDVSAKLGVNRRGIYRDLYKSGKPYEDYQLRPNFAIAMTVAPELFVPEHAIKAITIADEVLRGPVGMRTLDPSDYNYRPYYNNGEDSDDFATSKGRNYHQGPEWVWLYGYFLRAFHHFHFKTSPRCQNAAKEKPSSYLYQQLYYRLKGHRKWIFESVWAGLTELTNKDGEVCNDSSPTQAWSSACLLDLFYDLWDAYEDDS,1536,Q06625,GDE_YEAST,3.2.1.33,3,sugar_F,glucosidase capable of defluorinating glucosyl fluoride,10.1006/prep.2000.1252,NA
MSFRFGQHLIKPSVVFLKTELSFALVNRKPVVPGHVLVCPLRPVERFHDLRPDEVADLFQTTQRVGTVVEKHFHGTSLTFSMQDGPEAGQTVKHVHVHVLPRKAGDFHRNDSIYEELQKHDKEDFPASWRSEEEMAAEAAALRVYFQ,147,P49789,FHIT_HUMAN,3.6.1.29,3,organophosphate_F,triphosphatase capable of defluorinating adenylylfluoride,10.1016/S0092-8674(00)81034-X,NA
MLANAIAALLLGSGIASAAGHGSPLTSKAGHRAVIPDWDLKSSSDVSKDLGGLSKPGVDTSSWYHAGTSRCTIMGCLINAGVYNDEELWYSDNLNHVNWGQFSVPWVYRHEFALSPAKGKHFLLQTNGITSKADLFFNGKQIADKEYQSGAYAGRTYDITNLAAKKNALLVQVYPTDYLYDFALGYVDWNPYPSDNGSGIWRDITIKETGSVSMGPVSVLVDIDVPVEKNPARVTVRAEAQNLESHAVEFNAAAVISGNSCSGEALKQTIKLAPGEKKLVQFTQTIKTPSIWWPKQWGDQPLYTAEVTFSVKGAVSDTAQTKFGVRKVTSFVNQFNDTQYSVNGHPFQVIGGGYGADMFLRWDSERFTRIVEYMLDMHQNTIRLEGKMEHPELYEICDEYGLMVMPGWECCDKWEAWAYNDELAIFPPPVWDANDYETANYSMIHEAAMMQPHPSVLTFLVGSDFWPNDEAVVLYANALKNAGWQTPIIASASKRGFPALLGPGGMKMDGPYDWVPPNYWYDVEPSEDRLGAAFGFGSELGAGVGTPELSSLRRFLNQSDLDDLWKNPNKNLFHMSTNASSFYNRKIYNQGLWKRYGAPTSLDDYLLKAQMMDYEATRAQYEGFGALWTASRPATGVIYWMLNNAWPSLHWNQFDYYLHPAGSYFGTKVGSRIEHVAYNYQKKEIWVINHSLYQTGSRNIKVELIDMNGKQIAKKLVQVRTKANSGFKAMDISSDINKLSSVAFLRLVLSDEKGSVLSRNVYWVTKTIDELNWDESTWYYTPVSKFVDYTPLNTLATAQVSVTTSGGKHLPGIPGSQTRTVTLENKSSVPAVFIRLTLVDSKGNDVNPVSWSDNYVTLWPHEKLQLEVGGWDGSGDKIQISGKNIKATTVKL,892,Q4R1C4,EBDG_HYPJE,3.2.1.165,3,sugar_F,capable of defluorianting glucosaminyl fluoride,10.1007/s00253-006-0320-y,NA
MFEGFERRLVDVGDVTINCVVGGSGPALLLLHGFPQNLHMWARVAPLLANEYTVVCADLRGYGGSSKPVGAPDHANYSFRAMASDQRELMRTLGFERFHLVGHDRGGRTGHRMALDHPDSVLSLAVLDIIPTYVMFEEVDRFVARAYWHWYFLQQPAPYPEKVIGADPDTFYEGCLFGWGATGADGFDPEQLEEYRKQWRDPAAIHGSCCDYRAGGTIDFELDHGDLGRQVQCPALVFSGSAGLMHSLFEMQVVWAPRLANMRFASLPGGHFFVDRFPDDTARILREFLSDARSGIHQTERRES,304,Q1JU72,DEHA_BURSP,3.8.1.3,3,acetate_F,Fluoroacetate dehalogenase (EC 3.8.1.3),10.1128/JB.01654-08,NA
MNFRRMLCAAIVLTIVLSIMLPSTVFALEDKSSKLPDYKNDLLYERTFDEGLCFPWHTCEDSGGKCDFAVVDVPGEPGNKAFRLTVIDKGQNKWSVQMRHRGITLEQGHTYTVRFTIWSDKSCRVYAKIGQMGEPYTEYWNNNWNPFNLTPGQKLTVEQNFTMNYPTDDTCEFTFHLGGELAAGTPYYVYLDDVSLYDPRFVKPVEYVLPQPDVRVNQVGYLPFAKKYATVVSSSTSPLKWQLLNSANQVVLEGNTIPKGLDKDSQDYVHWIDFSNFKTEGKGYYFKLPTVNSDTNYSHPFDISADIYSKMKFDALAFFYHKRSGIPIEMPYAGGEQWTRPAGHIGIEPNKGDTNVPTWPQDDEYAGRPQKYYTKDVTGGWYDAGDHGKYVVNGGIAVWTLMNMYERAKIRGIANQGAYKDGGMNIPERNNGYPDILDEARWEIEFFKKMQVTEKEDPSIAGMVHHKIHDFRWTALGMLPHEDPQPRYLRPVSTAATLNFAATLAQSARLWKDYDPTFAADCLEKAEIAWQAALKHPDIYAEYTPGSGGPGGGPYNDDYVGDEFYWAACELYVTTGKDEYKNYLMNSPHYLEMPAKMGENGGANGEDNGLWGCFTWGTTQGLGTITLALVENGLPATDIQKARNNIAKAADRWLENIEEQGYRLPIKQAEDERGGYPWGSNSFILNQMIVMGYAYDFTGNSKYLDGMQDGMSYLLGRNGLDQSYVTGYGERPLQNPHDRFWTPQTSKKFPAPPPGIIAGGPNSRFEDPTITAAVKKDTPPQKCYIDHTDSWSTNEITVNWNAPFAWVTAYLDEIDLITPPGGVDPEEPEVIYGDCNGDGKVNSTDAVALKRYILRSGISINTDNADVNADGRVNSTDLAILKRYILKEIDVLPHK,895,P0C2S1,CELK_ACETH,3.2.1.91,3,polysaccharide_F,capable of defluorinating cellobiosyl fluoride,10.1128/jb.181.17.5288-5295.1999,NA
MTMITDSLAVVLQRRDWENPGVTQLNRLAAHPPFASWRNSEEARTDRPSQQLRSLNGEWRFAWFPAPEAVPESWLECDLPEADTVVVPSNWQMHGYDAPIYTNVTYPITVNPPFVPTENPTGCYSLTFNVDESWLQEGQTRIIFDGVNSAFHLWCNGRWVGYGQDSRLPSEFDLSAFLRAGENRLAVMVLRWSDGSYLEDQDMWRMSGIFRDVSLLHKPTTQISDFHVATRFNDDFSRAVLEAEVQMCGELRDYLRVTVSLWQGETQVASGTAPFGGEIIDERGGYADRVTLRLNVENPKLWSAEIPNLYRAVVELHTADGTLIEAEACDVGFREVRIENGLLLLNGKPLLIRGVNRHEHHPLHGQVMDEQTMVQDILLMKQNNFNAVRCSHYPNHPLWYTLCDRYGLYVVDEANIETHGMVPMNRLTDDPRWLPAMSERVTRMVQRDRNHPSVIIWSLGNESGHGANHDALYRWIKSVDPSRPVQYEGGGADTTATDIICPMYARVDEDQPFPAVPKWSIKKWLSLPGETRPLILCEYAHAMGNSLGGFAKYWQAFRQYPRLQGGFVWDWVDQSLIKYDENGNPWSAYGGDFGDTPNDRQFCMNGLVFADRTPHPALTEAKHQQQFFQFRLSGQTIEVTSEYLFRHSDNELLHWMVALDGKPLASGEVPLDVAPQGKQLIELPELPQPESAGQLWLTVRVVQPNATAWSEAGHISAWQQWRLAENLSVTLPAASHAIPHLTTSEMDFCIELGNKRWQFNRQSGFLSQMWIGDKKQLLTPLRDQFTRAPLDNDIGVSEATRIDPNAWVERWKAAGHYQAEAALLQCTADTLADAVLITTAHAWQHQGKTLFISRKTYRIDGSGQMAITVDVEVASDTPHPARIGLNCQLAQVAERVNWLGLGPQENYPDRLTAACFDRWDLPLSDMYTPYVFPSENGLRCGTRELNYGPHQWRGDFQFNISRYSQQQLMETSHRHLLHAEEGTWLNIDGFHMGIGGDDSWSPSVSAEFQLSAGRYHYQLVWCQK,1024,P00722,BGAL_ECOLI,3.2.1.23,3,sugar_F,galactosidase capable of defluorinating galactosyl fluoride,10.1002/j.1460-2075.1983.tb01468.x,NA
MQTLSIQHGTLVTMDQYRRVLGDSWVHVQDGRIVALGVHAESVPPPADRVIDARGKVVLPGFINAHTHVNQILLRGGPSHGRQFYDWLFNVVYPGQKAMRPEDVAVAVRLYCAEAVRSGITTINENADSAIYPGNIEAAMAVYGEVGVRVVYARMFFDRMDGRIQGYVDALKARSPQVELCSIMEETAVAKDRITALSDQYHGTAGGRISVWPAPATTTAVTVEGMRWAQAFARDRAVMWTLHMAESDHDERIHGMSPAEYMECYGLLDERLQVAHCVYFDRKDVRLLHRHNVKVASQVVSNAYLGSGVAPVPEMVERGMAVGIGTDNGNSNDSVNMIGDMKFMAHIHRAVHRDADVLTPEKILEMATIDGARSLGMDHEIGSIETGKRADLILLDLRHPQTTPHHHLAATIVFQAYGNEVDTVLIDGNVVMENRRLSFLPPERELAFLEEAQSRATAILQRANMVANPAWRSL,474,P72156,ATZA_PSESD,3.8.1.8,3,aromatic_F,chlorohydrolase capable of defluorinating fluoroatrazine,10.1128/aem.61.9.3373-3378.1995,NA
MKLAACFLTLLPGFAVAASWTSPGFPAFSEQGTGTFVSHAQLPKGTRPLTLNFDQQCWQPADAIKLNQMLSLQPCSNTPPQWRLFRDGEYTLQIDTRSGTPTLMISIQNAAEPVASLVRECPKWDGLPLTVDVSATFPEGAAVRDYYSQQIAIVKNGQIMLQPAATSNGLLLLERAETDTSAPFDWHNATVYFVLTDRFENGDPSNDQSYGRHKDGMAEIGTFHGGDLRGLTNKLDYLQQLGVNALWISAPFEQIHGWVGGGTKGDFPHYAYHGYYTQDWTNLDANMGNEADLRTLVDSAHQRGIRILFDVVMNHTGYATLADMQEYQFGALYLSGDEVKKSLGERWSDWKPAAGQTWHSFNDYINFSDKTGWDKWWGKNWIRTDIGDYDNPGFDDLTMSLAFLPDIKTESTTASGLPVFYKNKMDTHAKAIDGYTPRDYLTHWLSQWVRDYGIDGFRVDTAKHVELPAWQQLKTEASAALREWKKANPDKALDDKPFWMTGEAWGHGVMQSDYYRHGFDAMINFDYQEQAAKAVDCLAQMDTTWQQMAEKLQGFNVLSYLSSHDTRLFREGGDKAAELLLLAPGAVQIFYGDESSRPFGPTGSDPLQGTRSDMNWQDVSGKSAASVAHWQKISQFRARHPAIGAGKQTTLLLKQGYGFVREHGDDKVLVVWAGQQ,676,P25718,AMY1_ECOLI,3.2.1.1,3,sugar_F,amylase capable of defluorinating maltosyl fluoride,10.1016/S0021-9258(18)42743-3,NA
MMSAPKITFIGAGSTIFVKNILGDVFHREALKTAHIALMDIDPTRLEESHIVVRKLMDSAGASGKITCHTQQKEALEDADFVVVAFQIGGYEPCTVTDFEVCKRHGLEQTIADTLGPGGIMRALRTIPHLWQICEDMTEVCPDATMLNYVNPMAMNTWAMYARYPHIKQVGLCHSVQGTAEELARDLNIDPATLRYRCAGINHMAFYLELERKTADGSYVNLYPELLAAYEAGQAPKPNIHGNTRCQNIVRYEMFKKLGYFVTESSEHFAEYTPWFIKPGREDLIERYKVPLDEYPKRCVEQLANWHKELEEYKKASRIDIKPSREYASTIMNAIWTGEPSVIYGNVRNDGLIDNLPQGCCVEVACLVDANGIQPTKVGTLPSHLAALMQTNINVQTLLTEAILTENRDRVYHAAMMDPHTAAVLGIDEIYALVDDLIAAHGDWLPGWLHR,451,P06720,AGAL_ECOLI,3.2.1.22,3,sugar_F,galactosidase capable of defluorinating galactosyl fluoride,10.1093/nar/15.5.2213,NA
MRKTTLFLAVTFATSNAQGRALRSSSPATYGTTDGSDYILKTGYLIGNGKLGVIPFGPPDTEKLNLNVDSLWSGGPFEVENYTGGNPSSPIYDALPGIRERIFENGTGGMEELLGSGNHYGSSRVLGNITIALDGVEAYSKYKRTLDLSDGVHRTSFTIANRTTAALKSSIFCSYPDQVCVYHLESASDARLPKVTISIENLLVNQSLLQTSCESEAKRAVLRHSGVTQAGPPEGMKYAAVAEVVNPRSSVTTCLGEGALQISSRKKQLTIIIGAATNYDQKAGNAKSGWSFKNAKDPASIVDGIASAAGWKGYQRLLDRHVKDYKKLMGDFSLELPDTTDSASKDTSELIEKYSYASATGNPYLENLLLDYARHLLVSSSRPNSLPANLQGRWTESLTPSWSADYHANINLQMNYWLADQTGLGETQHALWNYMADTWVPRGTETARLLYNASGWVVHNEINIFGFTAMKEDAGWANYPAAAAWMMQHVWDNFDYTHDTAWLVSQGYALLKGIASFWLSSLQEDKFFNDGSLVVNPCNSPETGPTTFGCTHYQQLIHQVFETVLAAQEYIHESDTKFVDSVASALERLDTGLHLSSWGGLKEWKLPDSYGYDNMSTHRHLSHLAGWYPGYSISSFAHGYRNKTIQDAVKETLTARGMGNAADANAGWAKVWRAACWARLNDSSMAYDELRYAIDENFVGNGLSMYWGASPPFQIDANFGFAGAVLSMLVVDLPTPRSDPGQRTVVLGPAIPSAWGGGRAKGLRLRGGAKVDFGWDKRGVVNWVNIVKRGKGTSRVKLVNKEGDILAEM,809,Q5AU81,AFCA_EMENI,3.2.1.51,3,sugar_F,fucosidase capable of defluorinating fluorinated sugars,10.1073/pnas.0604632103,NA
MTSIRAVVFDAYGTLFDVYSVAARAEQLFPGKGEALSVLWRDRQIDYTRIRSLAGPSGEHYKPFWDVTVDALRYACARLNLPLGNHAEATLMREYACLSAFPENVPVLRQLREMGLPLGILSNGNPQMLEIAVKSAGMSGLFDHVLSVDAVRLYKTAPAAYALAPRAFGVPAAQILFVSSNGWDACGATWHGFTTFWINRLGHPPEALDVAPAAAGHDMRDLLQFVQARQSMR,233,3UMB,3UMB,3.8.1.3,3,acetate_F,fluoroacetate hydrolysis,10.2210/pdb3UMB/pdb,NA
MRKILITGGAGFIGSALVRYIINETSDAVVVVDKLTYAGNLMSLAPVAQSERFAFEKVDICDRAELARVFTEHQPDCVMHLAAESHVDRSIDGPAAFIETNIVGTYTLLEAARAYWNALTEDKKSAFRFHHISTDEVYGDLHSTDDFFTETTPYAPSSPYSASKASSDHLVRAWLRTYGLPTLITNCSNNYGPYHFPEKLIPLMILNALAGKSLPVYGNGQQIRDWLYVEDHARALYCVATTGKVGETYNIGGHNERKNLDVVETICELLEELAPNKPHGVAHYRDLITFVADRPGHDLRYAIDASKIARELGWLPQETFESGMRKTVQWYLANESWWKQVQDGSYQGERLGLKG,355,P27830,RMLB2_ECOLI,4.2.1.46,4,nucleoside_F,capable of defluorinating dTDP-6-fluoro-6-deoxyglucose,10.1126/science.1379743,NA
MPNHQNMLDNQTILITGGTGSFGKCFVRKVLDTTNAKKIIVYSRDELKQSEMAMEFNDPRMRFFIGDVRDLERLNYALEGVDICIHAAALKHVPIAEYNPLECIKTNIMGASNVINACLKNAISQVIALSTDKAANPINLYGATKLCSDKLFVSANNFKGSSQTQFSVVRYGNVVGSRGSVVPFFKKLVQNKASEIPITDIRMTRFWITLDEGVSFVLKSLKRMHGGEIFVPKIPSMKMTDLAKALAPNTPTKIIGIRPGEKLHEVMIPKDESHLALEFEDFFIIQPTISFQTPKDYTLTKLHEKGQKVAPDFEYSSHNNNQWLEPDDLLKLL,333,O25511,PSEB_HELPY,4.2.1.115,4,sugar_F,dehydratase capable of defluorinating fluorinated GlcNAc variant,10.1074/jbc.M006369200,NA
MVAQQQGKFTVGDYLAERLAQVGVRHHFVVPGDYNLILLDKLQAHPDLKEVGCANELNCSLAAEGYARANGISACVVTYSVGALSAFNGTGSAYAENLPLVLISGSPNTNDPSQYHILHHTLGHPDYTYQYEMAKKITCCAVAIPRAIDAPRLIDRALRAAILARKPCYIEIPTNLAGATCVRPGPISAITDPITSDKSALEAAAKCAAEYLDGKLKPVILVGPKAGRAGSEKELIEFAEAMGCAVALQPAAKGMFPEDHKQFVGIFWGQVSSDAADAMVHWADAMICVGAVFNDYSTVGWTAVPNIPLMTVDMDHVTFPGAHFSRVRMCEFLSHLATQVTFNDSTMIEYKRLKPDPPHVHTAEREEPLSRKEISRQVQEMLTDKTSLFVDTGDSWFNGIQLKLPPGAKFEIEMQWGHIGWSIPAAFGYALRHPDRHTIVLVGDGSFQVTAQEVSQMVRFKVPITIMLINNRGYTIEVEIHDGSYNKIKNWDYAMLVEAFNSTDGHAKGLLANTAGELADAIKVAESHKEGPTLIECTIDQDDCSKELITWGHYVAAANARPPRNMSVQE,570,P33287,PDC_NEUCR,4.1.1.1,4,othercarboxylate_F,pyruvate decarboxylase capable of defluorinating fluoropyruvate,10.1016/0378-1119(93)90427-5,NA
MPDSGSLGPPTSLPEQPPAPPATAPDAPAATVTDRPVTSSVAHFLAGLHPPVTRPSSPPSPSMPPASSNPSSPPSSSMPPASWAPPSPLSPPAPSLPPTSPPATAPETSAATGSDSVVRRVPVGPTGLGTTALSLARRQAAVPPDAVPAPSGPSAEGPVVPGLYHHPIPEPDPVRVAEVSRRIKRWAEDEVRLYPEEWEGQFDGFSVGRYMVACHPDAPTVDHLMLATRLMVAENAVDDCYCEDHGGSPVGLGGRLLLAHTALDHLHTTAEYAPEWSESLGSDAPRRAYRSAMDHFVRAATPSQADRYRHDMARLHLGYLAEAAWAETGHVPEVCEYLAMRQFNNFRPCPTITDTVGGYELPADLHARPDMQRVIALAGNATTIVNDLYSYTKELDSPGRHLNLPVVIAEREHLSDRDAYLKAVEVHNELMHAFEAAAAELAADCPVPAVLRFLRGVAAWVDGNHDWHRTNTYRYSLPDFW,481,D3KYU2,MIBS_STRLS,4.2.3.118,4,organophosphate_F,synthase capable of defluorinating 2-fluorolinalyl diphosphate,10.1073/pnas.0802312105,NA
MSEASSPLKVWLERDGSLLRLRLARPKANIVDAAMIAAMRQALGEHLQAPALRAVLLDAEGPHFSFGASVDEHMPDQCAQMLKSLHGLVREMLDSPVPILVALRGQCLGGGLEVAAAGNLLFAAPDAKFGQPEIRLGVFAPAASCLLPPRVGQACAEDLLWSGRSIDGAEGHRIGLIDVLAEDPEAAALRWFDEHIARLSASSLRFAVRAARCDSVPRIKQKLDTVEALYLEELMASHDAVEGLKAFLEKRSANWENR,261,AJ224959.2,"lcl|AJ224959.2_prot_CAA12246.1_5 [gene=dch] [db_xref=GOA:O87873,UniProtKB/Swiss-Prot:O87873] [protein=cyclohexa-1,5-diene-1-carbonyl-CoA hydratase] [protein_id=CAA12246.1] [location=5588..6364] [gbkey=CDS]",4.2.1.17,4,aromatic_F,promiscuous anaerobic defluorination of 2-Fluorobenzoate,10.3389/fmicb.2017.02580,NA
MNPTTQKLVEQNAPAQLVDHNLVPETVCPGVLYEKRPARNLKGEVVPGLYNVWISLDNPKQYNSYTTDMVKGLILAFRAASCARDVASVVFTAVGDKAFCTGGNTKEYAEYYAGNPQEYRQYMRLFNDMVSAILGCDKPVICRVNGMRIGGGQEIGMAADFTVAQDLANFGQAGPKHGSAAIGGATDFLPLMIGCEQAMVSGTLCEPFSAHKANRLGICMQIVPALKVDGKFIANPLVVTDRYLDEFGRIIHGEFKTGDELAAGKELMKRGEIDLSLLDEAVEKLCAKLISTFPECLTKSFEELRKPKLDAWNRNKENSRAWLALNMMNEARTGFRAFNEGNKETGREIEFTDLRQALAKGMPWTPELIESLMPGAK,382,AJ224959.2,"lcl|AJ224959.2_prot_CAA12245.1_4 [gene=oah] [db_xref=GOA:O87872,InterPro:IPR001753,UniProtKB/TrEMBL:O87872] [protein=6-oxocyclohex-1-ene-1-carbonyl-CoA hydratase] [protein_id=CAA12245.1] [location=4455..5588] [gbkey=CDS]",4.2.1.17,4,aromatic_F,promiscuous anaerobic defluorination of 2-Fluorobenzoate,10.3389/fmicb.2017.02579,NA
MQFSKMHGLGNDFMVVDAVTQNVFFSPELIRRLADRHLGVGFDQLLVVEPPYDPELDFHYRIFNADGSEVAQCGNGARCFARFVRLKGLTNKRDIRVSTANGRMVLTVTDDDLVRVNMGEPNFEPSAVPFRANKAEKTYIMRAAEQTILCGVVSMGNPHCVIQVDDVDTAAVETLGPVLESHERFPERANIGFMQVVKREHIRLRVYERGAGETQACGSGACAAVAVGIQQGLLAEEVRVELPGGRLDIAWKGPGHPLYMTGPAVHVYDGFIHL,274,P0A6K1,DAPF_ECOLI,5.1.1.7,5,aminoacid_F,"epimerase capable of defluorinating 3-fluoro-2,6-diaminopimelic acid",10.1093/nar/16.21.10367,NA
MAGPLSGLRVVELAGIGPGPHAAMILGDLGADVVRIDRPSSVDGISRDAMLRNRRIVTADLKSDQGLELALKLIAKADVLIEGYRPGVTERLGLGPEECAKVNDRLIYARMTGWGQTGPRSQQAGHDINYISLNGILHAIGRGDERPVPPLNLVGDFGGGSMFLLVGILAALWERQSSGKGQVVDAAMVDGSSVLIQMMWAMRATGMWTDTRGANMLDGGAPYYDTYECADGRYVAVGAIEPQFYAAMLAGLGLDAAELPPQNDRARWPELRALLTEAFASHDRDHWGAVFANSDACVTPVLAFGEVHNEPHIIERNTFYEANGGWQPMPAPRFSRTASSQPRPPAATIDIEAVLTDWDG,360,O06543,AMACR_MYCTU,5.1.99.4,5,acylCoA_F,racemase capable of defluorinating 3-fluoro-2-methyldecanoyl-CoA,10.1107/S0907444902020735,NA
MYEAIGHRVEDGVAEITIKLPRHRNALSVKAMQEVTDALNRAEEDDSVGAVMITGAEDAFCAGFYLREIPLDKGVAGVRDHFRIGALWWHQMIHKIIRVKRPVLAAINGVAAGGGLGISLASDMAICADSAKFVCAWHTIGIGNDTATSYSLARIVGMRRAMELMLTNRTLYPEEAKDWGLVSRVYPKDDFREVAWKVARELAAAPTHLQVMAKERFHAGWMQPVEECTEFEIQNVIASVTHPHFMPCLTEFLDGHRADRPQVELPAGV,269,A5JTM5,CBADH_PSEUC,3.8.1.7,6,aromatic_F,4-chlorobenzoyl coenzyme A dehalogenase,10.1128/JB.183.12.3729-3736.2001.,NA
MSSNSDHHISVEHTDGVATIRFTRPSKHNAASAQLLLETLEALYRLESDDSVGAIVLTGEGAVFSAGFDLEEVPMGPASEIQSHFRLKALYYHAVIHMLARIEKPTLAAINGPAVGGGLGMSLACDLAVCTDRATFLPAWMSIGIANDASSSFYLPRIVGYRRAMEWLLTNRTLGADEAYEWGVVNRVFSEADFQSRVGEIARQLAAAPTHLQGLVKNRIQEGSSETLESCTEHEVQNVIASVGHPHFAERLAMFRSKEMRSSALAVDLDAVCGGR,276,Q9LCU3,CBAD2_ARTSP,3.8.1.7,6,aromatic_F,4-chlorobenzoyl coenzyme A dehalogenase,10.1128/JB.183.12.3729-3736.2001.,NA
MSSNSDHHISVEHTDGVATIRFTRPSKHNAASGQLLLETLEALYRLESDDSVGAIVLTGEGAVFSAGFDLEEVPMGPASEIQSHFRLKALYYHAVIHMLARIEKPTLAAINGPAVGGGLGMSLACDLAVCTDRATFLPAWMSIGIANDASSSFYLPRIVGYRRAMEWLLTNRTLGADEAYEWGVVNRVFSEADFQSRVGEIARQLAAAPTHLQGLVKNRIQEGSSETLESCTEHEVQNVIASVGHPHFAERLAMFRSKEMRSSALAVDLDAVCGGR,276,O85078,CBAD1_ARTSP,3.8.1.7,6,aromatic_F,4-chlorobenzoyl coenzyme A dehalogenase-1,10.1128/JB.183.12.3729-3736.2001.,NA
"MSTATSVYVDRPWLARYPQDTPTDITVEHATALDIFDAAATTHPNETFLHYFDGTLTFAD
IDHAARAVAHTLRNHGFRDGDRLALYVQNNPAFIIGMIAAWKAGGTAVAINPMNKTRELT
YLLGDSGAVALLTLDDLYTDIAKPVIDSGAGSVHTVITCSARDFQTRNDERLFTGLTRTH
PDDTLDLRTIIDDYTGADLPPVTLTADDVAVLAYTSGTTGNPKGAMNTHGNFAFNAQTYR
DWTGLQPGEPILGIAPLFHITGLVGHIMFAMLTRAPLILAHRFDPAVMLDAIREHKPVFT
IGAITAFNALAAAPGATPADFTSLRVLYSGGAPIAPAVGDRLEHIFGAYIHNIYGLTETN
SPSHAVPLGMRAPVDPVSGALSVGVPVFNTIVRVVDENGDDVPVGEVGEFLTSGPQVVPG
YWNKPEATAKSIPGGALHTGDVGFMDTDGWFYVVDRKKDMINASGYKVWPREVEDVLYTH
PAVREAAVVGVPDEYRGETVKAYVSLRDGQSANPDELIAYCKTQLAAYKYPRHIDIVDEL
PKTVTGKILRRELRDNTN",567,M6ZU61,M6ZU61_9ACTN,6.2.1.2,6,othercarboxylate_F,form fluorinated CoAs from medium- and short chain carboxylic acids,10.1021/acs.biochem.4c00336,
"MSVSASDATGVPSTELDAEFGRIDCGGSNRSEMTPLRFLERSASVFPDRAAVIYGQRTAT
YAELADEVQRLARVLKSRITPGERIAYLAPNIPEMLVAHYAVPLAGGVLVALNSRLAGPE
LVYILNHAGVTTLFFDAEFRHTVAAIADQVPEMTTTVEITDAEFGPTPGAAEASGIAGLV
SYPDFVALAGELDPTPIPWTVDDENTVITINYTSGTTGKPKGVMYTHRGAYLNSFGETFH
NGFTGHSRYLWTLPMFHCNGWCTPWAVTHASATHVCLRAVRADAIWDAIDNLGVTHMCGA
PTVCTTIAGSPLAHRLDRQLRITTAGAPPSPTVIGQLEALGVTVVHVYGLTEVYGPYTIC
EYQDAWDDLDPAERAAKLSRQGVGMVQAEDARVVVQGKVPLADVPADGATMGEIVLRGNN
VMAGYFKDPDATREAFAGGWFHTGDLGVMHPDGYIQLRDRAKDIIISGGENISTIEVEQA
LVSHDAVLDVAVIGVPDEKWGERPRAYVLLNPGATLTTEELVEYARKLLAGYKVPRDIVF
ADDLPRTSTGKVLKFELRKDAAEGSA",575,M7A1M8,M7A1M8_9ACTN,6.2.1.2,6,othercarboxylate_F,form fluorinated CoAs from medium- and short chain carboxylic acids,10.1021/acsomega.3c05147,
GSVSSVPTKLEVVAATPTSLLISWDASSSSVSYYRITYGETGGNSPVQEFTVPGSSSTATISGLSPGVDYTITVYAHGWLQWYMSPISINYQT,93,6D0J_2,6D0J_2,7.2._,7,anion_F,CLCF F-/H+ Antiporter,10.2210/pdb6D0J/pdb,NA
MAAAIEIKKQETTYFELTALGLLSLVIGVLAGAVDTFFGKILLFLSAFRESHFLPLILFLPIIGICFTYLFQKYGDRSPQGMNLVFLVGQEEEKDIPLRLIPFVMVGTWLTHLFGGSAGREGVAVQLGATIANRLGNWVRLEKYASTLIMIGMAAGFAGLFETPIAATFFALEVLVIGKFSHHALLPALLAAFTASTTSQWLGLEKFSLMLPQSVDLTIPVFLKLLVIGLIFGMVGGSFAGCLETMKRIMKRRFPNPLWRIGIGALALVLLFVLLYQGRYSGLGTNLISASFTNQPIYSYDWLLKLVLTVLTISSGFLGGEVTPLFAIGSSLGVVLAPLFGLPIELVAALGYASVFGSATSTLFAPIFIGGEVFGFQNLPFFVIVCSVAYFISKPYSIYPLQKTSAMGQTRGSGG,421,6D0J_1,6D0J_1,7.2._,7,anion_F,CLCF F-/H+ Antiporter,10.2210/pdb6D0J/pdb,NA
SVSSVPTKLEVVAATPTSLLISWDAYYDEVMYYRITYGETGGNSPVQEFTVPGSSSTATISGLKPGVDYTITVYAYYDSYGHWSPISINYRT,92,5NKQ_2,5NKQ_2,7.2._,7,anion_F,Fluc F- channel,10.2210/pdb5NKQ/pdb,NA
MLTYAPLNFIAIGIGATLGAWLRWVLGLKLNGAGWPWGTLTANLVGGYLIGVMVALIASHPEWPAWIRLAAVTGFLGGLTTFSTFSAETVDMLCRGVYATAAAYAGASLAGSLAMTGLGLATVRLLLR,128,5NKQ_1,5NKQ_1,7.2._,7,anion_F,Fluc F- channel,10.2210/pdb5NKQ/pdb,Interpro: IPR003691
,,,,,,,,,
,,,,,,,,,
,,,,,,,,,
,,,,,,,,,
,,,,,,,,,
,,,,,,,,,
,,,,,,,,,
,,,,,,,,,
,,,,,,,,,
,,,,,,,,,
,,,,,,,,,
,,,,,,,,,
,,,,,,,,,
,,,,,,,x,,